id,who,date,area,post_code,gps,lat,lon,name,value,urls,stub,"Apple, crab(Malus sylvestris)","Birch, downy(Betula pubescens)","Birch, silver(Betula pendula)",Blackthorn(Prunus spinosa),Dogwood(Cornus sanguinea),Elder(Sambucus nigra),"Guelder, rose(Viburnum opulus)",Hazel(Corylus avellana),"Maple, field(Acer campestre)","Oak, english(Quercus robur)","Oak, sessile(Quercus petraea)","Willow, goat(Salix caprea)",Alder(Alnus glutinosa),"Cherry, bird(Prunus padus)","Cherry, wild(Prunus avium)",Common privet(Ligustrum vulgare),"Elm, wych(Ulmus glabra)",Hawthorn(Crataegus monogyna),Hornbeam(Carpinus betulus),"Lime, large-leaved(Tilia platyphyllos)","Lime, small-leaved(Tilia cordata)",Rowan(Sorbus aucuparia),Spindle(Euonymus europaea),Wild service tree(Sorbus torminalis),"Beech, common(Fagus sylvatica)",Dog Rose(Rosa canina),Wayfaring tree(Viburnum lantana),Whitebeam(Sorbus aria),Bilberry(Vaccinium myrtillus),Heather(Calluna vulgaris),Holly(Ilex aquifolium),Juniper(Juniperus communis),"Pine, scots(Pinus sylvestris)","Willow, grey(Salix cinerea subsp. Oleifolia)",Broom(Cytisus scoparius),Gorse(Ulex europaeus),"Buckthorn, purging(Rhamnus cathartica)","Pear, common(Pyrus communis)",Aspen(Populus tremula),Alder buckthorn(Frangula alnus),"Alder, grey(Alnus incana)","Alder, red(Alnus rubra)","Hawthorn, midland(Crataegus laevigata)","Willow, common osier(Salix viminalis)",Cherry Plum(Prunus cerasifera),Sea-buckthorn(Hippophae rhamnoides),Wild rasperry(Rubus idaeus),Common walnut (Juglans regia),Sweet chestnut(Castanea sativa),"Willow, eared(Salix aurita)"
85,"Volunteer Group, Local Residents, Earthwatch",2020-03-14,207,OX28 3GB,"51.777889, -1.469139",51.777889,-1.469139,1,/tiny-forest-sites/8-tiny-forest/85-tychwood-witney,https://tinyforest.earthwatch.org.uk/tiny-forest-sites/8-tiny-forest/85-tychwood-witney,85-tychwood-witney,1,1,1,1,1,1,1,1,1,1,1,1,0,0,0,0,0,0,0,0,0,0,0,0,0,0,0,0,0,0,0,0,0,0,0,0,0,0,0,0,0,0,0,0,0,0,0,0,0,0
85,"Volunteer Group, Local Residents, Earthwatch",2020-03-14,30,OX28 3GB,"51.777889, -1.469139",51.777889,-1.469139,1,/tiny-forest-sites/8-tiny-forest/85-tychwood-witney,https://tinyforest.earthwatch.org.uk/tiny-forest-sites/8-tiny-forest/85-tychwood-witney,85-tychwood-witney,1,1,1,1,1,1,1,1,1,1,1,1,0,0,0,0,0,0,0,0,0,0,0,0,0,0,0,0,0,0,0,0,0,0,0,0,0,0,0,0,0,0,0,0,0,0,0,0,0,0
86,"Volunteer Group, Landscape contractors",2021-01-28,201,OX3 9QF,"51.769139, -1.215472",51.769139,-1.215472,2,/tiny-forest-sites/8-tiny-forest/86-foxwell-drive-oxford,https://tinyforest.earthwatch.org.uk/tiny-forest-sites/8-tiny-forest/86-foxwell-drive-oxford,86-foxwell-drive-oxford,1,0,1,1,1,1,1,1,1,1,0,0,1,1,1,1,1,1,1,1,1,1,1,1,0,0,0,0,0,0,0,0,0,0,0,0,0,0,0,0,0,0,0,0,0,0,0,0,0,0
86,"Volunteer Group, Landscape contractors",2021-01-28,16,OX3 9QF,"51.769139, -1.215472",51.769139,-1.215472,2,/tiny-forest-sites/8-tiny-forest/86-foxwell-drive-oxford,https://tinyforest.earthwatch.org.uk/tiny-forest-sites/8-tiny-forest/86-foxwell-drive-oxford,86-foxwell-drive-oxford,1,0,1,1,1,1,1,1,1,1,0,0,1,1,1,1,1,1,1,1,1,1,1,1,0,0,0,0,0,0,0,0,0,0,0,0,0,0,0,0,0,0,0,0,0,0,0,0,0,0
88,Volunteer Group,2021-02-04,205,BS10 5PX,"51.500278, -2.600333",51.500278,-2.600333,4,/tiny-forest-sites/8-tiny-forest/88-trym-valley-bristol,https://tinyforest.earthwatch.org.uk/tiny-forest-sites/8-tiny-forest/88-trym-valley-bristol,88-trym-valley-bristol,1,1,1,1,1,1,1,1,1,1,0,1,1,0,1,1,0,1,1,1,1,0,1,1,1,1,1,1,0,0,0,0,0,0,0,0,0,0,0,0,0,0,0,0,0,0,0,0,0,0
88,Volunteer Group,2021-02-04,23,BS10 5PX,"51.500278, -2.600333",51.500278,-2.600333,4,/tiny-forest-sites/8-tiny-forest/88-trym-valley-bristol,https://tinyforest.earthwatch.org.uk/tiny-forest-sites/8-tiny-forest/88-trym-valley-bristol,88-trym-valley-bristol,1,1,1,1,1,1,1,1,1,1,0,1,1,0,1,1,0,1,1,1,1,0,1,1,1,1,1,1,0,0,0,0,0,0,0,0,0,0,0,0,0,0,0,0,0,0,0,0,0,0
132,"Volunteer Group, Local Residents, School Children",2021-10-21,149,G51 2AS,"55.859900,-4.303606",55.8599,-4.303606,20,/tiny-forest-sites/8-tiny-forest/132-vicarfield-street-govan,https://tinyforest.earthwatch.org.uk/tiny-forest-sites/8-tiny-forest/132-vicarfield-street-govan,132-vicarfield-street-govan,1,1,1,0,0,0,0,1,0,1,1,0,1,1,0,0,0,0,1,0,0,0,0,0,0,1,0,0,1,1,1,1,1,0,0,0,0,0,0,0,0,0,0,0,0,0,0,0,0,0
133,"Volunteer Group, Local Residents",2021-10-22,155,G51 2DB,"55.860518,-4.308922",55.860518,-4.308922,21,/tiny-forest-sites/8-tiny-forest/133-orkney-road-govan,https://tinyforest.earthwatch.org.uk/tiny-forest-sites/8-tiny-forest/133-orkney-road-govan,133-orkney-road-govan,0,1,1,0,0,0,0,1,0,1,1,0,1,0,1,0,0,0,1,0,0,1,0,0,0,1,0,0,1,1,1,1,1,1,0,0,0,0,0,0,0,0,0,0,0,0,0,0,0,0
134,"Volunteer Group, Local Residents",2021-10-18,138,G1 5DB,"55.852919,-4.246042",55.852919,-4.246042,22,/tiny-forest-sites/8-tiny-forest/134-glasgow-green-glasgow,https://tinyforest.earthwatch.org.uk/tiny-forest-sites/8-tiny-forest/134-glasgow-green-glasgow,134-glasgow-green-glasgow,0,1,1,0,0,0,0,1,0,1,1,0,1,0,1,0,0,0,1,0,0,1,0,0,0,1,0,0,1,1,1,1,1,0,0,0,0,0,0,0,0,0,0,0,0,0,0,0,0,0
135,"Volunteer Group, Local Residents",2021-10-19,207,G41 4LG,"55.838286,-4.289215",55.838286,-4.2892150000000004,23,/tiny-forest-sites/8-tiny-forest/135-maxwell-park-glasgow,https://tinyforest.earthwatch.org.uk/tiny-forest-sites/8-tiny-forest/135-maxwell-park-glasgow,135-maxwell-park-glasgow,0,1,1,0,0,0,0,1,0,1,1,0,1,0,1,0,0,0,1,0,0,1,0,0,0,1,0,0,1,1,1,1,1,1,0,0,0,0,0,0,0,0,0,0,0,0,0,0,0,0
136,Volunteer Group,2021-12-03,200,EH5 2HX,"55.973627,-3.226764",55.973627,-3.226764,24,/tiny-forest-sites/8-tiny-forest/136-east-pilton-park-edinburgh,https://tinyforest.earthwatch.org.uk/tiny-forest-sites/8-tiny-forest/136-east-pilton-park-edinburgh,136-east-pilton-park-edinburgh,1,1,1,1,0,0,1,1,0,1,1,0,0,0,1,0,1,1,1,0,0,1,0,0,0,1,0,0,1,1,1,1,1,0,0,0,0,0,0,0,0,0,0,0,0,0,0,0,0,0
136,Volunteer Group,2021-12-03,16,EH5 2HX,"55.973627,-3.226764",55.973627,-3.226764,24,/tiny-forest-sites/8-tiny-forest/136-east-pilton-park-edinburgh,https://tinyforest.earthwatch.org.uk/tiny-forest-sites/8-tiny-forest/136-east-pilton-park-edinburgh,136-east-pilton-park-edinburgh,1,1,1,1,0,0,1,1,0,1,1,0,0,0,1,0,1,1,1,0,0,1,0,0,0,1,0,0,1,1,1,1,1,0,0,0,0,0,0,0,0,0,0,0,0,0,0,0,0,0
140,"Volunteer Group, Local Residents",2021-11-13,205,BA11 3HN,"51.233563,-2.336654",51.233563,-2.336654,28,/tiny-forest-sites/8-tiny-forest/140-egford-park-lane-frome,https://tinyforest.earthwatch.org.uk/tiny-forest-sites/8-tiny-forest/140-egford-park-lane-frome,140-egford-park-lane-frome,1,1,1,1,1,1,1,1,0,1,1,0,0,0,1,0,0,1,1,1,1,0,1,1,1,0,0,0,0,0,0,0,0,0,0,0,0,0,0,0,0,0,0,0,0,0,0,0,0,0
140,"Volunteer Group, Local Residents",2021-11-13,60,BA11 3HN,"51.233563,-2.336654",51.233563,-2.336654,28,/tiny-forest-sites/8-tiny-forest/140-egford-park-lane-frome,https://tinyforest.earthwatch.org.uk/tiny-forest-sites/8-tiny-forest/140-egford-park-lane-frome,140-egford-park-lane-frome,1,1,1,1,1,1,1,1,0,1,1,0,0,0,1,0,0,1,1,1,1,0,1,1,1,0,0,0,0,0,0,0,0,0,0,0,0,0,0,0,0,0,0,0,0,0,0,0,0,0
141,"Volunteer Group, Local Residents",2021-11-26,196,RG18 3AS,"51.405195,-1.292495",51.405195,-1.292495,29,/tiny-forest-sites/8-tiny-forest/141-west-berkshire-community-hospital-thatcham,https://tinyforest.earthwatch.org.uk/tiny-forest-sites/8-tiny-forest/141-west-berkshire-community-hospital-thatcham,141-west-berkshire-community-hospital-thatcham,1,0,1,1,0,0,0,1,0,0,1,0,0,0,1,0,0,1,1,1,1,1,0,1,1,1,0,0,0,0,1,0,0,0,1,1,0,0,0,0,0,0,0,0,0,0,0,0,0,0
141,"Volunteer Group, Local Residents",2021-11-26,35,RG18 3AS,"51.405195,-1.292495",51.405195,-1.292495,29,/tiny-forest-sites/8-tiny-forest/141-west-berkshire-community-hospital-thatcham,https://tinyforest.earthwatch.org.uk/tiny-forest-sites/8-tiny-forest/141-west-berkshire-community-hospital-thatcham,141-west-berkshire-community-hospital-thatcham,1,0,1,1,0,0,0,1,0,0,1,0,0,0,1,0,0,1,1,1,1,1,0,1,1,1,0,0,0,0,1,0,0,0,1,1,0,0,0,0,0,0,0,0,0,0,0,0,0,0
142,"Volunteer Group, Local Residents, School Children",2021-11-11,205,LE11 3LU,"52.761410,-1.221030",52.76141,-1.22103,30,/tiny-forest-sites/8-tiny-forest/142-holt-drive-charnwood,https://tinyforest.earthwatch.org.uk/tiny-forest-sites/8-tiny-forest/142-holt-drive-charnwood,142-holt-drive-charnwood,1,1,1,1,0,1,1,1,0,1,1,0,0,1,1,0,0,1,1,0,1,1,0,0,1,0,0,0,0,0,0,0,0,0,0,0,0,0,0,0,0,0,0,0,0,0,0,0,0,0
142,"Volunteer Group, Local Residents, School Children",2021-11-11,25,LE11 3LU,"52.761410,-1.221030",52.76141,-1.22103,30,/tiny-forest-sites/8-tiny-forest/142-holt-drive-charnwood,https://tinyforest.earthwatch.org.uk/tiny-forest-sites/8-tiny-forest/142-holt-drive-charnwood,142-holt-drive-charnwood,1,1,1,1,0,1,1,1,0,1,1,0,0,1,1,0,0,1,1,0,1,1,0,0,1,0,0,0,0,0,0,0,0,0,0,0,0,0,0,0,0,0,0,0,0,0,0,0,0,0
144,"Volunteer Group, Local Residents",2021-11-20,205,NG5 5GU,"53.002925,-1.169850",53.002925,-1.16985,32,/tiny-forest-sites/8-tiny-forest/144-southglade-park-nottingham,https://tinyforest.earthwatch.org.uk/tiny-forest-sites/8-tiny-forest/144-southglade-park-nottingham,144-southglade-park-nottingham,0,1,1,1,0,0,0,1,0,1,1,0,0,0,0,0,1,1,1,0,1,1,1,0,1,1,0,1,1,1,1,0,0,0,0,1,0,0,0,0,0,0,0,0,0,0,0,0,0,0
144,"Volunteer Group, Local Residents",2021-11-20,56,NG5 5GU,"53.002925,-1.169850",53.002925,-1.16985,32,/tiny-forest-sites/8-tiny-forest/144-southglade-park-nottingham,https://tinyforest.earthwatch.org.uk/tiny-forest-sites/8-tiny-forest/144-southglade-park-nottingham,144-southglade-park-nottingham,0,1,1,1,0,0,0,1,0,1,1,0,0,0,0,0,1,1,1,0,1,1,1,0,1,1,0,1,1,1,1,0,0,0,0,1,0,0,0,0,0,0,0,0,0,0,0,0,0,0
146,"Volunteer Group, Local Residents",2021-11-06,200,NG6 9GD,"52.997873,-1.179789",52.997873,-1.179789,34,/tiny-forest-sites/8-tiny-forest/146-bulwell-forest-nottingham,https://tinyforest.earthwatch.org.uk/tiny-forest-sites/8-tiny-forest/146-bulwell-forest-nottingham,146-bulwell-forest-nottingham,0,1,1,1,0,0,0,1,0,1,1,0,0,0,0,0,0,1,1,0,1,1,1,0,1,0,0,0,1,0,1,0,0,0,0,1,0,0,0,0,0,0,0,0,0,0,0,0,0,0
146,"Volunteer Group, Local Residents",2021-11-06,21,NG6 9GD,"52.997873,-1.179789",52.997873,-1.179789,34,/tiny-forest-sites/8-tiny-forest/146-bulwell-forest-nottingham,https://tinyforest.earthwatch.org.uk/tiny-forest-sites/8-tiny-forest/146-bulwell-forest-nottingham,146-bulwell-forest-nottingham,0,1,1,1,0,0,0,1,0,1,1,0,0,0,0,0,0,1,1,0,1,1,1,0,1,0,0,0,1,0,1,0,0,0,0,1,0,0,0,0,0,0,0,0,0,0,0,0,0,0
149,"Volunteer Group, Local Residents",2021-12-06,206,OX4 4XN,"51.718875,-1.231499",51.718875,-1.231499,37,/tiny-forest-sites/8-tiny-forest/149-littlemore-oxford,https://tinyforest.earthwatch.org.uk/tiny-forest-sites/8-tiny-forest/149-littlemore-oxford,149-littlemore-oxford,0,1,1,1,0,0,1,1,0,1,1,0,0,0,0,0,1,1,1,1,1,1,0,0,1,0,0,0,0,1,1,0,0,0,1,1,0,0,0,0,0,0,0,0,0,0,0,0,0,0
149,"Volunteer Group, Local Residents",2021-12-06,39,OX4 4XN,"51.718875,-1.231499",51.718875,-1.231499,37,/tiny-forest-sites/8-tiny-forest/149-littlemore-oxford,https://tinyforest.earthwatch.org.uk/tiny-forest-sites/8-tiny-forest/149-littlemore-oxford,149-littlemore-oxford,0,1,1,1,0,0,1,1,0,1,1,0,0,0,0,0,1,1,1,1,1,1,0,0,1,0,0,0,0,1,1,0,0,0,1,1,0,0,0,0,0,0,0,0,0,0,0,0,0,0
155,"Volunteer Group, Local Residents, School Children",2022-03-17,200,EH55 8AH,"55.853687,-3.565495",55.853687,-3.565495,57,/tiny-forest-sites/8-tiny-forest/155-parkhead-west-calder,https://tinyforest.earthwatch.org.uk/tiny-forest-sites/8-tiny-forest/155-parkhead-west-calder,155-parkhead-west-calder,1,1,1,1,0,1,0,1,0,1,1,1,1,1,1,0,0,1,0,0,0,1,0,0,0,1,0,0,0,0,0,0,1,0,1,1,0,0,0,0,0,0,0,0,0,0,0,0,0,0
156,"Volunteer Group, Local Residents, School Children",2022-03-25,200,G42 8BS,"55.830240, -4.259885",55.83024,-4.259885,58,/tiny-forest-sites/8-tiny-forest/156-queens-park-recreation-ground,https://tinyforest.earthwatch.org.uk/tiny-forest-sites/8-tiny-forest/156-queens-park-recreation-ground,156-queens-park-recreation-ground,0,1,1,0,0,0,0,1,0,1,1,0,0,0,1,0,0,0,0,0,0,1,0,0,0,1,0,0,1,1,0,1,1,0,1,1,0,0,0,0,0,0,0,0,0,0,0,0,0,0
174,"Corporate Employees, Volunteer Group, School Children, Earthwatch, Landscape contractors",2022-02-02,201,WV14 6LU,"52.576195,-2.073685",52.576195,-2.073685,66,/tiny-forest-sites/8-tiny-forest/174-shamrock,https://tinyforest.earthwatch.org.uk/tiny-forest-sites/8-tiny-forest/174-shamrock,174-shamrock,1,1,1,1,0,0,0,1,0,0,1,1,1,1,0,0,0,1,1,1,1,1,0,0,0,0,0,0,0,0,0,0,0,0,0,0,0,0,0,0,0,0,0,0,0,0,0,0,0,0
174,"Corporate Employees, Volunteer Group, School Children, Earthwatch, Landscape contractors",2022-02-02,16,WV14 6LU,"52.576195,-2.073685",52.576195,-2.073685,66,/tiny-forest-sites/8-tiny-forest/174-shamrock,https://tinyforest.earthwatch.org.uk/tiny-forest-sites/8-tiny-forest/174-shamrock,174-shamrock,1,1,1,1,0,0,0,1,0,0,1,1,1,1,0,0,0,1,1,1,1,1,0,0,0,0,0,0,0,0,0,0,0,0,0,0,0,0,0,0,0,0,0,0,0,0,0,0,0,0
175,"Corporate Employees, Volunteer Group, Local Residents, Earthwatch, Landscape contractors",2022-01-21,204,WS13 7PY,"52.698821,-1.832111",52.698821,-1.832111,67,/tiny-forest-sites/8-tiny-forest/175-frangipani,https://tinyforest.earthwatch.org.uk/tiny-forest-sites/8-tiny-forest/175-frangipani,175-frangipani,1,0,1,1,1,1,0,1,0,1,1,1,1,1,1,0,0,1,0,1,1,1,0,1,0,1,0,0,0,0,0,0,0,0,0,0,1,1,0,0,0,0,0,0,0,0,0,0,0,0
176,"Corporate Employees, Volunteer Group, Local Residents, Earthwatch, Landscape contractors",2022-01-18,205,WS14 9AF,"52.679149,-1.823257",52.679149,-1.823257,68,/tiny-forest-sites/8-tiny-forest/176-turtle-dove,https://tinyforest.earthwatch.org.uk/tiny-forest-sites/8-tiny-forest/176-turtle-dove,176-turtle-dove,1,0,1,1,0,0,0,1,0,0,1,0,1,0,0,0,0,1,1,1,1,0,0,1,0,1,0,0,0,0,1,0,0,0,0,0,0,0,1,0,0,0,0,0,0,0,0,0,0,0
177,"Corporate Employees, Volunteer Group, Local Residents, Earthwatch, Landscape contractors",2022-01-17,209,WS13 6SN,"52.686275,-1.819246",52.686275,-1.819246,69,/tiny-forest-sites/8-tiny-forest/177-rhinoceros-hornbill,https://tinyforest.earthwatch.org.uk/tiny-forest-sites/8-tiny-forest/177-rhinoceros-hornbill,177-rhinoceros-hornbill,0,1,0,1,0,0,0,1,0,1,1,1,1,0,0,0,0,1,1,1,1,1,0,1,0,1,0,0,0,0,1,0,0,0,0,0,0,0,0,0,0,0,0,0,0,0,0,0,0,0
179,"Corporate Employees, Volunteer Group, Local Residents, Earthwatch, Landscape contractors",2022-01-19,201,WS7 9HT,"52.680666,-1.912416",52.680666,-1.912416,70,/tiny-forest-sites/8-tiny-forest/179-swallow-tail-humming-bird,https://tinyforest.earthwatch.org.uk/tiny-forest-sites/8-tiny-forest/179-swallow-tail-humming-bird,179-swallow-tail-humming-bird,1,0,1,1,1,1,0,1,0,1,1,1,1,1,1,0,0,1,0,1,1,1,0,1,0,1,0,0,0,0,0,0,0,0,0,0,1,1,0,0,0,0,0,0,0,0,0,0,0,0
179,"Corporate Employees, Volunteer Group, Local Residents, Earthwatch, Landscape contractors",2022-01-19,15,WS7 9HT,"52.680666,-1.912416",52.680666,-1.912416,70,/tiny-forest-sites/8-tiny-forest/179-swallow-tail-humming-bird,https://tinyforest.earthwatch.org.uk/tiny-forest-sites/8-tiny-forest/179-swallow-tail-humming-bird,179-swallow-tail-humming-bird,1,0,1,1,1,1,0,1,0,1,1,1,1,1,1,0,0,1,0,1,1,1,0,1,0,1,0,0,0,0,0,0,0,0,0,0,1,1,0,0,0,0,0,0,0,0,0,0,0,0
180,"Corporate Employees, Volunteer Group, Local Residents, Earthwatch, Landscape contractors",2022-01-20,207,WS7 2NL,"52.687002,-1.928311",52.687002,-1.928311,71,/tiny-forest-sites/8-tiny-forest/180-common-loon,https://tinyforest.earthwatch.org.uk/tiny-forest-sites/8-tiny-forest/180-common-loon,180-common-loon,1,0,0,1,1,1,0,1,0,1,0,1,0,1,0,0,0,1,1,0,1,1,0,1,0,1,0,0,0,0,0,0,0,0,0,0,0,0,1,0,0,0,0,0,0,0,0,0,0,0
181,"Corporate Employees, Volunteer Group, Local Residents, Earthwatch, Landscape contractors",2022-01-10,201,WS1 2QB,"52.5835074146028,-1.95846134109726",52.5835074146028,-1.95846134109726,72,/tiny-forest-sites/8-tiny-forest/181-white-variety-orchid,https://tinyforest.earthwatch.org.uk/tiny-forest-sites/8-tiny-forest/181-white-variety-orchid,181-white-variety-orchid,1,1,1,1,1,1,0,1,0,1,0,1,0,1,0,0,0,1,1,0,1,1,0,1,0,1,0,0,0,0,0,0,0,0,0,0,0,0,1,0,0,0,0,0,0,0,0,0,0,0
182,"Corporate Employees, Volunteer Group, Local Residents, Earthwatch, Landscape contractors",2022-01-11,205,WS4 2HY,"52.594506,-1.975394",52.594506,-1.975394,73,/tiny-forest-sites/8-tiny-forest/182-frigate-bird,https://tinyforest.earthwatch.org.uk/tiny-forest-sites/8-tiny-forest/182-frigate-bird,182-frigate-bird,1,1,1,1,1,1,0,1,0,1,0,1,0,1,0,0,0,1,1,0,1,1,0,1,0,1,0,0,0,0,0,0,0,0,0,0,0,0,1,0,0,0,0,0,0,0,0,0,0,0
182,"Corporate Employees, Volunteer Group, Local Residents, Earthwatch, Landscape contractors",2022-01-11,16,WS4 2HY,"52.594506,-1.975394",52.594506,-1.975394,73,/tiny-forest-sites/8-tiny-forest/182-frigate-bird,https://tinyforest.earthwatch.org.uk/tiny-forest-sites/8-tiny-forest/182-frigate-bird,182-frigate-bird,1,1,1,1,1,1,0,1,0,1,0,1,0,1,0,0,0,1,1,0,1,1,0,1,0,1,0,0,0,0,0,0,0,0,0,0,0,0,1,0,0,0,0,0,0,0,0,0,0,0
183,"Corporate Employees, Volunteer Group, Local Residents, Earthwatch, Landscape contractors",2022-01-13,210,WS10 9RR,"52.569163,-2.019838",52.569163,-2.019838,74,/tiny-forest-sites/8-tiny-forest/183-thistle,https://tinyforest.earthwatch.org.uk/tiny-forest-sites/8-tiny-forest/183-thistle,183-thistle,1,0,1,1,1,1,0,1,0,1,1,1,1,1,1,0,0,1,0,1,1,1,0,1,0,1,0,0,0,0,0,0,0,0,0,0,1,1,0,0,0,0,0,0,0,0,0,0,0,0
183,"Corporate Employees, Volunteer Group, Local Residents, Earthwatch, Landscape contractors",2022-01-13,30,WS10 9RR,"52.569163,-2.019838",52.569163,-2.019838,74,/tiny-forest-sites/8-tiny-forest/183-thistle,https://tinyforest.earthwatch.org.uk/tiny-forest-sites/8-tiny-forest/183-thistle,183-thistle,1,0,1,1,1,1,0,1,0,1,1,1,1,1,1,0,0,1,0,1,1,1,0,1,0,1,0,0,0,0,0,0,0,0,0,0,1,1,0,0,0,0,0,0,0,0,0,0,0,0
184,"Corporate Employees, Volunteer Group, Local Residents, Earthwatch, Landscape contractors",2022-01-13,210,WS10 7TP,"52.561783,-2.02768",52.561783,-2.02768,75,/tiny-forest-sites/8-tiny-forest/184-ragwort,https://tinyforest.earthwatch.org.uk/tiny-forest-sites/8-tiny-forest/184-ragwort,184-ragwort,1,1,1,1,0,0,0,1,0,0,1,1,1,0,1,0,0,1,0,0,1,1,0,1,0,1,0,0,0,0,1,0,0,1,0,0,0,0,0,0,0,0,0,0,0,0,0,0,0,0
184,"Corporate Employees, Volunteer Group, Local Residents, Earthwatch, Landscape contractors",2022-01-13,30,WS10 7TP,"52.561783,-2.02768",52.561783,-2.02768,75,/tiny-forest-sites/8-tiny-forest/184-ragwort,https://tinyforest.earthwatch.org.uk/tiny-forest-sites/8-tiny-forest/184-ragwort,184-ragwort,1,1,1,1,0,0,0,1,0,0,1,1,1,0,1,0,0,1,0,0,1,1,0,1,0,1,0,0,0,0,1,0,0,1,0,0,0,0,0,0,0,0,0,0,0,0,0,0,0,0
185,"Corporate Employees, Volunteer Group, Local Residents, Earthwatch, Landscape contractors",2022-01-14,204,WV13 2PW,"52.5867924941756,-2.06688092579331",52.5867924941756,-2.06688092579331,76,/tiny-forest-sites/8-tiny-forest/185-hibiscus,https://tinyforest.earthwatch.org.uk/tiny-forest-sites/8-tiny-forest/185-hibiscus,185-hibiscus,1,1,1,1,1,1,0,1,0,1,1,1,1,0,1,0,0,1,1,1,1,1,0,1,0,0,0,0,0,0,1,0,0,1,0,0,0,0,0,0,0,0,0,0,0,0,0,0,0,0
186,"Corporate Employees, Volunteer Group, Local Residents, Earthwatch, Landscape contractors",2022-01-11,206,WS4 2AX,"52.592255,-1.976424",52.592255,-1.976424,77,/tiny-forest-sites/8-tiny-forest/186-simpor,https://tinyforest.earthwatch.org.uk/tiny-forest-sites/8-tiny-forest/186-simpor,186-simpor,1,0,1,1,1,1,0,1,0,1,1,1,1,1,1,0,0,1,0,1,1,1,0,1,0,1,0,0,0,0,0,0,0,0,0,0,1,1,0,0,0,0,0,0,0,0,0,0,0,0
187,"Corporate Employees, Volunteer Group, School Children, Earthwatch, Landscape contractors",2022-01-24,210,B71 2BX,"52.541429,-1.993279",52.541429,-1.993279,78,/tiny-forest-sites/8-tiny-forest/187-bermudiana,https://tinyforest.earthwatch.org.uk/tiny-forest-sites/8-tiny-forest/187-bermudiana,187-bermudiana,1,1,1,1,1,1,0,1,0,0,1,1,1,1,0,0,0,1,0,1,1,1,0,0,0,1,0,0,0,0,0,0,0,0,0,0,0,0,0,0,0,0,0,0,0,0,0,0,0,0
187,"Corporate Employees, Volunteer Group, School Children, Earthwatch, Landscape contractors",2022-01-24,14,B71 2BX,"52.541429,-1.993279",52.541429,-1.993279,78,/tiny-forest-sites/8-tiny-forest/187-bermudiana,https://tinyforest.earthwatch.org.uk/tiny-forest-sites/8-tiny-forest/187-bermudiana,187-bermudiana,1,1,1,1,1,1,0,1,0,0,1,1,1,1,0,0,0,1,0,1,1,1,0,0,0,1,0,0,0,0,0,0,0,0,0,0,0,0,0,0,0,0,0,0,0,0,0,0,0,0
188,"Corporate Employees, Volunteer Group, Local Residents, Earthwatch, Landscape contractors",2022-01-10,205,WS9 0QW,"52.577422,-1.909467",52.577422,-1.909467,79,/tiny-forest-sites/8-tiny-forest/188-canje-pheasant,https://tinyforest.earthwatch.org.uk/tiny-forest-sites/8-tiny-forest/188-canje-pheasant,188-canje-pheasant,1,0,1,1,0,0,0,1,0,0,1,0,1,0,0,0,0,1,1,1,1,0,0,1,0,1,0,0,0,0,1,0,0,0,0,0,0,0,1,0,0,0,0,0,0,0,0,0,0,0
188,"Corporate Employees, Volunteer Group, Local Residents, Earthwatch, Landscape contractors",2022-01-10,21,WS9 0QW,"52.577422,-1.909467",52.577422,-1.909467,79,/tiny-forest-sites/8-tiny-forest/188-canje-pheasant,https://tinyforest.earthwatch.org.uk/tiny-forest-sites/8-tiny-forest/188-canje-pheasant,188-canje-pheasant,1,0,1,1,0,0,0,1,0,0,1,0,1,0,0,0,0,1,1,1,1,0,0,1,0,1,0,0,0,0,1,0,0,0,0,0,0,0,1,0,0,0,0,0,0,0,0,0,0,0
189,"Corporate Employees, Volunteer Group, Local Residents, Earthwatch, Landscape contractors",2022-01-12,202,WS3 3QH,"52.6302218963334,-1.99648580515203",52.6302218963334,-1.99648580515203,80,/tiny-forest-sites/8-tiny-forest/189-grenada-dove,https://tinyforest.earthwatch.org.uk/tiny-forest-sites/8-tiny-forest/189-grenada-dove,189-grenada-dove,1,0,1,1,0,0,0,1,0,0,1,0,1,0,1,0,0,1,1,1,1,0,0,1,0,1,0,0,0,0,0,0,0,1,0,0,0,0,1,0,0,0,0,0,0,0,0,0,0,0
190,"Corporate Employees, Volunteer Group, Local Residents, Earthwatch, Landscape contractors",2022-01-12,205,WS3 1RF,"52.607959,-1.974510",52.607959,-1.97451,81,/tiny-forest-sites/8-tiny-forest/190-guernsey-lily,https://tinyforest.earthwatch.org.uk/tiny-forest-sites/8-tiny-forest/190-guernsey-lily,190-guernsey-lily,1,0,1,1,0,0,0,1,0,0,1,0,1,0,1,0,0,1,1,1,1,0,0,1,0,1,0,0,0,0,1,0,0,0,0,0,0,0,1,0,0,0,0,0,0,0,0,0,0,0
190,"Corporate Employees, Volunteer Group, Local Residents, Earthwatch, Landscape contractors",2022-01-12,25,WS3 1RF,"52.607959,-1.974510",52.607959,-1.97451,81,/tiny-forest-sites/8-tiny-forest/190-guernsey-lily,https://tinyforest.earthwatch.org.uk/tiny-forest-sites/8-tiny-forest/190-guernsey-lily,190-guernsey-lily,1,0,1,1,0,0,0,1,0,0,1,0,1,0,1,0,0,1,1,1,1,0,0,1,0,1,0,0,0,0,1,0,0,0,0,0,0,0,1,0,0,0,0,0,0,0,0,0,0,0
191,"Corporate Employees, Volunteer Group, Local Residents, Earthwatch, Landscape contractors",2022-01-29,205,B24 9NF,"52.520129716480724,-1.8310739156350504",52.52012971648072,-1.8310739156350504,94,/tiny-forest-sites/8-tiny-forest/191-maple-tree,https://tinyforest.earthwatch.org.uk/tiny-forest-sites/8-tiny-forest/191-maple-tree,191-maple-tree,1,1,1,1,1,1,0,1,0,1,0,1,0,1,0,0,0,1,1,0,1,1,0,0,0,0,0,0,0,0,0,0,0,0,0,0,0,0,1,1,0,0,0,0,0,0,0,0,0,0
191,"Corporate Employees, Volunteer Group, Local Residents, Earthwatch, Landscape contractors",2022-01-29,28,B24 9NF,"52.520129716480724,-1.8310739156350504",52.52012971648072,-1.8310739156350504,94,/tiny-forest-sites/8-tiny-forest/191-maple-tree,https://tinyforest.earthwatch.org.uk/tiny-forest-sites/8-tiny-forest/191-maple-tree,191-maple-tree,1,1,1,1,1,1,0,1,0,1,0,1,0,1,0,0,0,1,1,0,1,1,0,0,0,0,0,0,0,0,0,0,0,0,0,0,0,0,1,1,0,0,0,0,0,0,0,0,0,0
192,"Corporate Employees, Volunteer Group, School Children, Earthwatch, Landscape contractors",2022-01-26,201,B30 1DY,"52.418404,-1.942526",52.418404,-1.942526,95,/tiny-forest-sites/8-tiny-forest/192-white-jasmine,https://tinyforest.earthwatch.org.uk/tiny-forest-sites/8-tiny-forest/192-white-jasmine,192-white-jasmine,0,1,1,1,0,0,0,1,0,1,1,1,1,0,0,0,0,1,1,1,1,1,0,0,0,1,0,0,0,0,1,0,0,0,0,0,0,0,0,1,0,0,0,0,0,0,0,0,0,0
192,"Corporate Employees, Volunteer Group, School Children, Earthwatch, Landscape contractors",2022-01-26,16,B30 1DY,"52.418404,-1.942526",52.418404,-1.942526,95,/tiny-forest-sites/8-tiny-forest/192-white-jasmine,https://tinyforest.earthwatch.org.uk/tiny-forest-sites/8-tiny-forest/192-white-jasmine,192-white-jasmine,0,1,1,1,0,0,0,1,0,1,1,1,1,0,0,0,0,1,1,1,1,1,0,0,0,1,0,0,0,0,1,0,0,0,0,0,0,0,0,1,0,0,0,0,0,0,0,0,0,0
195,"Corporate Employees, Volunteer Group, Local Residents, Earthwatch, Landscape contractors",2022-02-02,200,WV6 0RQ,"52.595457, -2.148854",52.595457,-2.148854,97,/tiny-forest-sites/8-tiny-forest/195-gibralters-barbary-partridge,https://tinyforest.earthwatch.org.uk/tiny-forest-sites/8-tiny-forest/195-gibralters-barbary-partridge,195-gibralters-barbary-partridge,1,1,1,1,1,1,0,1,0,0,1,0,1,1,1,0,0,1,0,1,1,1,0,0,0,1,0,0,0,0,0,0,0,0,0,0,0,1,1,0,0,0,0,0,0,0,0,0,0,0
195,"Corporate Employees, Volunteer Group, Local Residents, Earthwatch, Landscape contractors",2022-02-02,22,WV6 0RQ,"52.595457, -2.148854",52.595457,-2.148854,97,/tiny-forest-sites/8-tiny-forest/195-gibralters-barbary-partridge,https://tinyforest.earthwatch.org.uk/tiny-forest-sites/8-tiny-forest/195-gibralters-barbary-partridge,195-gibralters-barbary-partridge,1,1,1,1,1,1,0,1,0,0,1,0,1,1,1,0,0,1,0,1,1,1,0,0,0,1,0,0,0,0,0,0,0,0,0,0,0,1,1,0,0,0,0,0,0,0,0,0,0,0
198,"Corporate Employees, Volunteer Group, School Children, Earthwatch, Landscape contractors",2022-02-03,208,WV14 0AU,"52.561380353055256,-2.074920820108497",52.561380353055256,-2.074920820108497,100,/tiny-forest-sites/8-tiny-forest/198-flamingo,https://tinyforest.earthwatch.org.uk/tiny-forest-sites/8-tiny-forest/198-flamingo,198-flamingo,1,1,1,1,1,1,0,1,0,0,1,1,1,1,1,0,0,1,1,1,1,1,0,0,0,1,0,0,0,0,0,0,0,0,0,0,1,0,1,0,0,0,0,0,0,0,0,0,0,0
198,"Corporate Employees, Volunteer Group, School Children, Earthwatch, Landscape contractors",2022-02-03,19,WV14 0AU,"52.561380353055256,-2.074920820108497",52.561380353055256,-2.074920820108497,100,/tiny-forest-sites/8-tiny-forest/198-flamingo,https://tinyforest.earthwatch.org.uk/tiny-forest-sites/8-tiny-forest/198-flamingo,198-flamingo,1,1,1,1,1,1,0,1,0,0,1,1,1,1,1,0,0,1,1,1,1,1,0,0,0,1,0,0,0,0,0,0,0,0,0,0,1,0,1,0,0,0,0,0,0,0,0,0,0,0
203,"Volunteer Group, Local Residents, School Children, Earthwatch",2022-02-24,205,NW11 6DA,"51.589091,-0.196905",51.589091,-0.196905,83,/tiny-forest-sites/8-tiny-forest/203-mutton-brook-barnet,https://tinyforest.earthwatch.org.uk/tiny-forest-sites/8-tiny-forest/203-mutton-brook-barnet,203-mutton-brook-barnet,1,1,1,1,0,1,1,1,0,0,0,1,1,1,0,0,0,1,1,0,1,0,0,0,0,1,0,0,0,0,1,0,1,1,0,0,0,0,0,1,0,0,0,0,0,0,0,0,0,0
205,"Corporate Employees, Volunteer Group, School Children, Earthwatch, Landscape contractors",2022-03-17,203,CV35 7HB,"52.321905,-1.671257",52.321905,-1.671257,102,/tiny-forest-sites/8-tiny-forest/205-great-frigate-bird,https://tinyforest.earthwatch.org.uk/tiny-forest-sites/8-tiny-forest/205-great-frigate-bird,205-great-frigate-bird,1,1,0,1,1,1,0,1,0,0,1,0,1,0,0,0,0,0,1,0,1,0,0,0,0,1,0,0,0,0,0,0,0,1,0,0,0,0,1,0,0,0,0,0,0,0,0,0,0,0
205,"Corporate Employees, Volunteer Group, School Children, Earthwatch, Landscape contractors",2022-03-17,24,CV35 7HB,"52.321905,-1.671257",52.321905,-1.671257,102,/tiny-forest-sites/8-tiny-forest/205-great-frigate-bird,https://tinyforest.earthwatch.org.uk/tiny-forest-sites/8-tiny-forest/205-great-frigate-bird,205-great-frigate-bird,1,1,0,1,1,1,0,1,0,0,1,0,1,0,0,0,0,0,1,0,1,0,0,0,0,1,0,0,0,0,0,0,0,1,0,0,0,0,1,0,0,0,0,0,0,0,0,0,0,0
206,"Corporate Employees, Volunteer Group, School Children, Earthwatch, Landscape contractors",2022-02-14,209,CV3 2QP,"52.3930237811975,-1.46405264955692",52.3930237811975,-1.46405264955692,103,/tiny-forest-sites/8-tiny-forest/206-silver-fern,https://tinyforest.earthwatch.org.uk/tiny-forest-sites/8-tiny-forest/206-silver-fern,206-silver-fern,0,1,1,1,0,1,0,1,0,0,1,0,0,0,1,0,0,1,1,1,1,1,0,0,0,1,0,0,0,0,1,0,0,0,0,0,1,0,0,0,0,0,0,0,0,0,0,0,0,0
207,"Corporate Employees, Volunteer Group, School Children, Earthwatch, Landscape contractors",2022-02-15,201,CV6 1AB,"52.415305,-1.528072",52.415305,-1.528072,104,/tiny-forest-sites/8-tiny-forest/207-bougainvillea,https://tinyforest.earthwatch.org.uk/tiny-forest-sites/8-tiny-forest/207-bougainvillea,207-bougainvillea,1,1,1,1,1,1,0,1,0,0,1,1,0,0,1,0,0,1,1,1,1,1,0,0,0,1,0,0,0,0,0,0,0,0,0,0,0,1,0,0,0,0,0,0,0,0,0,0,0,0
207,"Corporate Employees, Volunteer Group, School Children, Earthwatch, Landscape contractors",2022-02-15,16,CV6 1AB,"52.415305,-1.528072",52.415305,-1.528072,104,/tiny-forest-sites/8-tiny-forest/207-bougainvillea,https://tinyforest.earthwatch.org.uk/tiny-forest-sites/8-tiny-forest/207-bougainvillea,207-bougainvillea,1,1,1,1,1,1,0,1,0,0,1,1,0,0,1,0,0,1,1,1,1,1,0,0,0,1,0,0,0,0,0,0,0,0,0,0,0,1,0,0,0,0,0,0,0,0,0,0,0,0
208,"Corporate Employees, Volunteer Group, Earthwatch, Landscape contractors, University Staff & Students",2022-02-14,210,B60 1PQ,"52.338248,-2.051136",52.338248,-2.051136,105,/tiny-forest-sites/8-tiny-forest/208-blue-crane,https://tinyforest.earthwatch.org.uk/tiny-forest-sites/8-tiny-forest/208-blue-crane,208-blue-crane,1,1,1,1,1,1,0,1,0,0,1,1,1,0,1,0,0,1,1,1,1,1,0,0,0,1,0,0,0,0,0,0,0,0,0,0,1,0,0,0,0,0,0,0,0,0,0,0,0,0
208,"Corporate Employees, Volunteer Group, Earthwatch, Landscape contractors, University Staff & Students",2022-02-14,32,B60 1PQ,"52.338248,-2.051136",52.338248,-2.051136,105,/tiny-forest-sites/8-tiny-forest/208-blue-crane,https://tinyforest.earthwatch.org.uk/tiny-forest-sites/8-tiny-forest/208-blue-crane,208-blue-crane,1,1,1,1,1,1,0,1,0,0,1,1,1,0,1,0,0,1,1,1,1,1,0,0,0,1,0,0,0,0,0,0,0,0,0,0,1,0,0,0,0,0,0,0,0,0,0,0,0,0
209,"Corporate Employees, Volunteer Group, School Children, Earthwatch, Landscape contractors",2022-02-17,210,ST17 4EG,"52.79032,-2.108104",52.79032,-2.108104,106,/tiny-forest-sites/8-tiny-forest/209-silkmore-academy,https://tinyforest.earthwatch.org.uk/tiny-forest-sites/8-tiny-forest/209-silkmore-academy,209-silkmore-academy,1,1,1,1,0,1,0,1,0,0,1,0,1,0,1,0,0,1,1,1,1,1,0,0,0,1,0,0,0,0,1,0,0,0,0,0,0,1,0,0,0,0,0,0,0,0,0,0,0,0
209,"Corporate Employees, Volunteer Group, School Children, Earthwatch, Landscape contractors",2022-02-17,46,ST17 4EG,"52.79032,-2.108104",52.79032,-2.108104,106,/tiny-forest-sites/8-tiny-forest/209-silkmore-academy,https://tinyforest.earthwatch.org.uk/tiny-forest-sites/8-tiny-forest/209-silkmore-academy,209-silkmore-academy,1,1,1,1,0,1,0,1,0,0,1,0,1,0,1,0,0,1,1,1,1,1,0,0,0,1,0,0,0,0,1,0,0,0,0,0,0,1,0,0,0,0,0,0,0,0,0,0,0,0
210,"Corporate Employees, Volunteer Group, School Children, Earthwatch, Landscape contractors",2022-02-15,210,CV10 0JX,"52.534757,-1.499698",52.534757,-1.499698,107,/tiny-forest-sites/8-tiny-forest/210-red-ginger,https://tinyforest.earthwatch.org.uk/tiny-forest-sites/8-tiny-forest/210-red-ginger,210-red-ginger,0,1,1,1,0,0,0,1,0,0,1,1,1,0,0,0,0,1,1,0,1,1,0,0,0,1,0,0,0,0,1,0,0,0,0,0,0,0,0,0,0,0,0,0,0,0,0,0,0,0
210,"Corporate Employees, Volunteer Group, School Children, Earthwatch, Landscape contractors",2022-02-15,31,CV10 0JX,"52.534757,-1.499698",52.534757,-1.499698,107,/tiny-forest-sites/8-tiny-forest/210-red-ginger,https://tinyforest.earthwatch.org.uk/tiny-forest-sites/8-tiny-forest/210-red-ginger,210-red-ginger,0,1,1,1,0,0,0,1,0,0,1,1,1,0,0,0,0,1,1,0,1,1,0,0,0,1,0,0,0,0,1,0,0,0,0,0,0,0,0,0,0,0,0,0,0,0,0,0,0,0
214,"Volunteer Group, Local Residents, Earthwatch",2022-03-26,201,CB4 1UA,"52.221545,0.152687",52.221545,0.152687,87,/tiny-forest-sites/8-tiny-forest/214-five-trees,https://tinyforest.earthwatch.org.uk/tiny-forest-sites/8-tiny-forest/214-five-trees,214-five-trees,1,1,1,1,0,1,1,1,1,1,0,0,0,0,1,0,0,1,1,0,1,0,0,0,0,1,0,0,0,0,0,0,0,0,0,0,0,0,0,0,0,0,0,0,0,0,0,0,0,0
218,"Corporate Employees, Volunteer Group, Local Residents, Earthwatch, Landscape contractors",2022-02-21,205,DY3 3XF,"52.5291723224922, -2.11865934332309",52.5291723224922,-2.11865934332309,108,/tiny-forest-sites/8-tiny-forest/218-banana-orchid,https://tinyforest.earthwatch.org.uk/tiny-forest-sites/8-tiny-forest/218-banana-orchid,218-banana-orchid,1,1,1,1,0,1,0,1,0,0,1,1,1,0,1,0,0,1,1,0,1,1,0,0,0,0,0,0,0,0,1,0,0,0,0,0,0,0,0,0,0,0,0,0,0,0,0,0,0,0
218,"Corporate Employees, Volunteer Group, Local Residents, Earthwatch, Landscape contractors",2022-02-21,19,DY3 3XF,"52.5291723224922, -2.11865934332309",52.5291723224922,-2.11865934332309,108,/tiny-forest-sites/8-tiny-forest/218-banana-orchid,https://tinyforest.earthwatch.org.uk/tiny-forest-sites/8-tiny-forest/218-banana-orchid,218-banana-orchid,1,1,1,1,0,1,0,1,0,0,1,1,1,0,1,0,0,1,1,0,1,1,0,0,0,0,0,0,0,0,1,0,0,0,0,0,0,0,0,0,0,0,0,0,0,0,0,0,0,0
219,"Corporate Employees, Volunteer Group, Local Residents, Earthwatch, Landscape contractors",2022-02-22,203,DY8 1JU,"52.452385,-2.136802",52.452385,-2.136802,109,/tiny-forest-sites/8-tiny-forest/219-earring-tree,https://tinyforest.earthwatch.org.uk/tiny-forest-sites/8-tiny-forest/219-earring-tree,219-earring-tree,1,1,1,1,0,1,0,1,0,0,1,1,1,0,1,0,0,1,1,0,1,1,0,0,0,0,0,0,0,0,1,0,0,0,0,0,0,0,0,0,0,0,0,0,0,0,0,0,0,0
220,"Corporate Employees, Volunteer Group, Local Residents, Earthwatch, Landscape contractors",2022-02-24,209,DY2 9EX,"52.493109,-2.078593",52.493109,-2.078593,110,/tiny-forest-sites/8-tiny-forest/220-tropicbird-orchid,https://tinyforest.earthwatch.org.uk/tiny-forest-sites/8-tiny-forest/220-tropicbird-orchid,220-tropicbird-orchid,0,1,1,1,1,0,0,1,0,0,1,0,1,0,0,0,0,1,1,0,1,1,0,0,0,1,0,0,0,0,1,0,0,0,0,0,0,1,0,0,0,0,0,0,0,0,0,0,0,0
222,"Corporate Employees, Volunteer Group, School Children, Earthwatch, Landscape contractors",2022-04-07,201,B9 5RX,"52.483547,-1.834239",52.483547,-1.834239,112,/tiny-forest-sites/8-tiny-forest/222-jersey-lily-saltley-academy,https://tinyforest.earthwatch.org.uk/tiny-forest-sites/8-tiny-forest/222-jersey-lily-saltley-academy,222-jersey-lily-saltley-academy,1,1,1,1,1,0,0,1,0,0,1,0,1,0,1,0,0,1,1,0,1,1,0,0,0,0,0,0,0,0,0,0,0,0,0,0,0,0,0,0,0,0,0,0,0,0,0,0,0,0
222,"Corporate Employees, Volunteer Group, School Children, Earthwatch, Landscape contractors",2022-04-07,53,B9 5RX,"52.483547,-1.834239",52.483547,-1.834239,112,/tiny-forest-sites/8-tiny-forest/222-jersey-lily-saltley-academy,https://tinyforest.earthwatch.org.uk/tiny-forest-sites/8-tiny-forest/222-jersey-lily-saltley-academy,222-jersey-lily-saltley-academy,1,1,1,1,1,0,0,1,0,0,1,0,1,0,1,0,0,1,1,0,1,1,0,0,0,0,0,0,0,0,0,0,0,0,0,0,0,0,0,0,0,0,0,0,0,0,0,0,0,0
224,"Corporate Employees, Volunteer Group, School Children, Earthwatch, Landscape contractors",2022-03-08,200,WV10 6AJ,"52.61622,-2.128933",52.61622,-2.128933,113,/tiny-forest-sites/8-tiny-forest/224-yellow-trumpet,https://tinyforest.earthwatch.org.uk/tiny-forest-sites/8-tiny-forest/224-yellow-trumpet,224-yellow-trumpet,0,1,1,1,1,0,0,1,0,0,1,0,1,0,1,0,0,1,1,0,1,0,0,0,0,1,0,0,0,0,0,0,0,0,0,0,1,0,0,0,0,0,0,0,0,0,0,0,0,0
224,"Corporate Employees, Volunteer Group, School Children, Earthwatch, Landscape contractors",2022-03-08,20,WV10 6AJ,"52.61622,-2.128933",52.61622,-2.128933,113,/tiny-forest-sites/8-tiny-forest/224-yellow-trumpet,https://tinyforest.earthwatch.org.uk/tiny-forest-sites/8-tiny-forest/224-yellow-trumpet,224-yellow-trumpet,0,1,1,1,1,0,0,1,0,0,1,0,1,0,1,0,0,1,1,0,1,0,0,0,0,1,0,0,0,0,0,0,0,0,0,0,1,0,0,0,0,0,0,0,0,0,0,0,0,0
225,"Corporate Employees, Volunteer Group, Local Residents, Earthwatch, Landscape contractors",2022-03-11,207,ST17 4LX,"52.800133,-2.089367",52.800133,-2.089367,114,/tiny-forest-sites/8-tiny-forest/225-papua-new-guinea-orchid,https://tinyforest.earthwatch.org.uk/tiny-forest-sites/8-tiny-forest/225-papua-new-guinea-orchid,225-papua-new-guinea-orchid,0,1,1,1,1,1,0,1,0,1,0,0,0,0,1,0,0,1,1,0,1,1,0,0,0,1,0,0,0,0,0,0,0,0,0,0,1,0,0,0,0,0,0,0,0,0,0,0,0,0
226,"Corporate Employees, Volunteer Group, Local Residents, Earthwatch, Landscape contractors",2022-02-28,202,LE10 0TX,"52.538881,-1.397622",52.538881,-1.397622,115,/tiny-forest-sites/8-tiny-forest/226-emu-langdale-recreation-ground,https://tinyforest.earthwatch.org.uk/tiny-forest-sites/8-tiny-forest/226-emu-langdale-recreation-ground,226-emu-langdale-recreation-ground,0,1,1,1,1,0,0,1,0,0,1,0,0,1,0,0,0,1,1,0,1,1,0,0,0,0,0,0,0,0,0,0,0,0,0,0,0,1,1,0,0,0,0,0,0,0,0,0,0,0
226,"Corporate Employees, Volunteer Group, Local Residents, Earthwatch, Landscape contractors",2022-02-28,19,LE10 0TX,"52.538881,-1.397622",52.538881,-1.397622,115,/tiny-forest-sites/8-tiny-forest/226-emu-langdale-recreation-ground,https://tinyforest.earthwatch.org.uk/tiny-forest-sites/8-tiny-forest/226-emu-langdale-recreation-ground,226-emu-langdale-recreation-ground,0,1,1,1,1,0,0,1,0,0,1,0,0,1,0,0,0,1,1,0,1,1,0,0,0,0,0,0,0,0,0,0,0,0,0,0,0,1,1,0,0,0,0,0,0,0,0,0,0,0
228,"Corporate Employees, Volunteer Group, Local Residents, Earthwatch, Landscape contractors",2022-03-04,202,LE10 3DD,"52.550626,-1.336776",52.550626,-1.336776,117,/tiny-forest-sites/8-tiny-forest/228-oak,https://tinyforest.earthwatch.org.uk/tiny-forest-sites/8-tiny-forest/228-oak,228-oak,0,1,1,1,1,0,0,1,0,0,1,0,0,1,0,0,0,1,1,0,1,1,0,0,0,0,0,0,0,0,0,0,0,0,0,0,0,1,0,0,0,0,0,0,0,0,0,0,0,0
228,"Corporate Employees, Volunteer Group, Local Residents, Earthwatch, Landscape contractors",2022-03-04,18,LE10 3DD,"52.550626,-1.336776",52.550626,-1.336776,117,/tiny-forest-sites/8-tiny-forest/228-oak,https://tinyforest.earthwatch.org.uk/tiny-forest-sites/8-tiny-forest/228-oak,228-oak,0,1,1,1,1,0,0,1,0,0,1,0,0,1,0,0,0,1,1,0,1,1,0,0,0,0,0,0,0,0,0,0,0,0,0,0,0,1,0,0,0,0,0,0,0,0,0,0,0,0
229,"Corporate Employees, Volunteer Group, Local Residents, Earthwatch, Landscape contractors",2022-03-01,205,LE10 1SL,"52.551111,-1.362255",52.551111,-1.362255,118,/tiny-forest-sites/8-tiny-forest/229-monserrat-oriole,https://tinyforest.earthwatch.org.uk/tiny-forest-sites/8-tiny-forest/229-monserrat-oriole,229-monserrat-oriole,0,1,1,1,1,0,0,1,0,0,1,0,0,1,0,0,0,1,1,0,1,1,0,0,0,0,0,0,0,0,0,0,0,0,0,0,0,1,0,0,0,0,0,0,0,0,0,0,0,0
229,"Corporate Employees, Volunteer Group, Local Residents, Earthwatch, Landscape contractors",2022-03-01,27,LE10 1SL,"52.551111,-1.362255",52.551111,-1.362255,118,/tiny-forest-sites/8-tiny-forest/229-monserrat-oriole,https://tinyforest.earthwatch.org.uk/tiny-forest-sites/8-tiny-forest/229-monserrat-oriole,229-monserrat-oriole,0,1,1,1,1,0,0,1,0,0,1,0,0,1,0,0,0,1,1,0,1,1,0,0,0,0,0,0,0,0,0,0,0,0,0,0,0,1,0,0,0,0,0,0,0,0,0,0,0,0
232,"Corporate Employees, Volunteer Group, School Children, Earthwatch, Landscape contractors",2022-03-30,207,DY1 2SL,"52.514469,-2.112841",52.514469,-2.112841,120,/tiny-forest-sites/8-tiny-forest/232-bell-bean,https://tinyforest.earthwatch.org.uk/tiny-forest-sites/8-tiny-forest/232-bell-bean,232-bell-bean,1,1,0,1,0,0,0,0,0,0,1,0,0,0,0,0,0,1,0,0,1,1,0,0,0,1,0,0,0,0,0,0,0,0,0,0,0,1,1,0,1,1,0,0,0,0,0,0,0,0
232,"Corporate Employees, Volunteer Group, School Children, Earthwatch, Landscape contractors",2022-03-30,16,DY1 2SL,"52.514469,-2.112841",52.514469,-2.112841,120,/tiny-forest-sites/8-tiny-forest/232-bell-bean,https://tinyforest.earthwatch.org.uk/tiny-forest-sites/8-tiny-forest/232-bell-bean,232-bell-bean,1,1,0,1,0,0,0,0,0,0,1,0,0,0,0,0,0,1,0,0,1,1,0,0,0,1,0,0,0,0,0,0,0,0,0,0,0,1,1,0,1,1,0,0,0,0,0,0,0,0
233,"Corporate Employees, Volunteer Group, School Children, Earthwatch, Landscape contractors",2022-03-17,210,DY10 2BX,"52.391847,-2.241009",52.391847,-2.241009,121,/tiny-forest-sites/8-tiny-forest/233-grey-crowned-crane,https://tinyforest.earthwatch.org.uk/tiny-forest-sites/8-tiny-forest/233-grey-crowned-crane,233-grey-crowned-crane,0,1,1,1,1,1,0,0,0,0,1,0,1,0,0,0,0,1,1,0,1,1,0,0,0,1,0,0,0,0,0,0,0,0,0,0,1,0,0,0,0,0,0,0,0,0,0,0,0,0
233,"Corporate Employees, Volunteer Group, School Children, Earthwatch, Landscape contractors",2022-03-17,60,DY10 2BX,"52.391847,-2.241009",52.391847,-2.241009,121,/tiny-forest-sites/8-tiny-forest/233-grey-crowned-crane,https://tinyforest.earthwatch.org.uk/tiny-forest-sites/8-tiny-forest/233-grey-crowned-crane,233-grey-crowned-crane,0,1,1,1,1,1,0,0,0,0,1,0,1,0,0,0,0,1,1,0,1,1,0,0,0,1,0,0,0,0,0,0,0,0,0,0,1,0,0,0,0,0,0,0,0,0,0,0,0,0
234,"Corporate Employees, Volunteer Group, School Children, Earthwatch, Landscape contractors",2022-04-07,210,B32 1RJ,"52.455751,-2.001718",52.455751,-2.001718,122,/tiny-forest-sites/8-tiny-forest/234-carib-wood,https://tinyforest.earthwatch.org.uk/tiny-forest-sites/8-tiny-forest/234-carib-wood,234-carib-wood,0,1,1,1,1,0,0,0,0,1,1,0,0,0,0,0,0,1,0,0,1,1,0,0,0,1,0,0,0,0,0,0,0,1,0,0,0,0,1,0,0,1,0,0,0,0,0,0,0,0
234,"Corporate Employees, Volunteer Group, School Children, Earthwatch, Landscape contractors",2022-04-07,46,B32 1RJ,"52.455751,-2.001718",52.455751,-2.001718,122,/tiny-forest-sites/8-tiny-forest/234-carib-wood,https://tinyforest.earthwatch.org.uk/tiny-forest-sites/8-tiny-forest/234-carib-wood,234-carib-wood,0,1,1,1,1,0,0,0,0,1,1,0,0,0,0,0,0,1,0,0,1,1,0,0,0,1,0,0,0,0,0,0,0,1,0,0,0,0,1,0,0,1,0,0,0,0,0,0,0,0
235,"Corporate Employees, Volunteer Group, School Children, Earthwatch, Landscape contractors",2022-04-07,210,WV3 8HU,"52.582645,-2.188287",52.582645,-2.188287,123,/tiny-forest-sites/8-tiny-forest/235-bearded-fig-tree,https://tinyforest.earthwatch.org.uk/tiny-forest-sites/8-tiny-forest/235-bearded-fig-tree,235-bearded-fig-tree,1,1,1,1,1,1,0,0,0,0,1,0,0,0,0,0,0,0,0,0,1,1,0,0,0,1,0,0,0,0,0,0,0,1,0,0,1,1,0,0,1,1,1,0,0,0,0,0,0,0
235,"Corporate Employees, Volunteer Group, School Children, Earthwatch, Landscape contractors",2022-04-07,46,WV3 8HU,"52.582645,-2.188287",52.582645,-2.188287,123,/tiny-forest-sites/8-tiny-forest/235-bearded-fig-tree,https://tinyforest.earthwatch.org.uk/tiny-forest-sites/8-tiny-forest/235-bearded-fig-tree,235-bearded-fig-tree,1,1,1,1,1,1,0,0,0,0,1,0,0,0,0,0,0,0,0,0,1,1,0,0,0,1,0,0,0,0,0,0,0,1,0,0,1,1,0,0,1,1,1,0,0,0,0,0,0,0
237,"Corporate Employees, Volunteer Group, School Children, Earthwatch, Landscape contractors",2022-03-21,206,CV6 2AH,"52.576195,-2.073685",52.576195,-2.073685,125,/tiny-forest-sites/8-tiny-forest/237-aloe,https://tinyforest.earthwatch.org.uk/tiny-forest-sites/8-tiny-forest/237-aloe,237-aloe,0,1,1,1,0,0,0,0,0,0,1,1,0,0,1,0,0,1,1,0,1,1,0,0,0,1,0,0,0,0,0,0,0,0,0,0,0,1,0,0,1,0,0,0,0,0,0,0,0,0
237,"Corporate Employees, Volunteer Group, School Children, Earthwatch, Landscape contractors",2022-03-21,26,CV6 2AH,"52.576195,-2.073685",52.576195,-2.073685,125,/tiny-forest-sites/8-tiny-forest/237-aloe,https://tinyforest.earthwatch.org.uk/tiny-forest-sites/8-tiny-forest/237-aloe,237-aloe,0,1,1,1,0,0,0,0,0,0,1,1,0,0,1,0,0,1,1,0,1,1,0,0,0,1,0,0,0,0,0,0,0,0,0,0,0,1,0,0,1,0,0,0,0,0,0,0,0,0
238,"Corporate Employees, Volunteer Group, School Children, Earthwatch, Landscape contractors",2022-03-31,203,B61 0JL,"52.359947,-2.0606159",52.359947,-2.0606159,126,/tiny-forest-sites/8-tiny-forest/238-scarlet-ibis,https://tinyforest.earthwatch.org.uk/tiny-forest-sites/8-tiny-forest/238-scarlet-ibis,238-scarlet-ibis,1,1,1,1,1,0,0,0,0,0,1,0,0,0,0,0,0,1,0,0,1,1,0,0,0,1,0,0,0,0,0,0,0,0,0,0,0,1,1,0,1,1,0,0,0,0,0,0,0,0
238,"Corporate Employees, Volunteer Group, School Children, Earthwatch, Landscape contractors",2022-03-31,21,B61 0JL,"52.359947,-2.0606159",52.359947,-2.0606159,126,/tiny-forest-sites/8-tiny-forest/238-scarlet-ibis,https://tinyforest.earthwatch.org.uk/tiny-forest-sites/8-tiny-forest/238-scarlet-ibis,238-scarlet-ibis,1,1,1,1,1,0,0,0,0,0,1,0,0,0,0,0,0,1,0,0,1,1,0,0,0,1,0,0,0,0,0,0,0,0,0,0,0,1,1,0,1,1,0,0,0,0,0,0,0,0
239,"Corporate Employees, Volunteer Group, School Children, Earthwatch, Landscape contractors",2022-04-06,208,B13 0QP,"52.422284,-1.881578",52.422284,-1.881578,127,/tiny-forest-sites/8-tiny-forest/239-red-rose,https://tinyforest.earthwatch.org.uk/tiny-forest-sites/8-tiny-forest/239-red-rose,239-red-rose,1,1,1,1,0,0,0,0,0,0,1,1,0,0,1,0,0,1,1,0,1,1,0,0,0,1,0,0,0,0,0,0,0,0,0,0,0,1,0,0,1,0,0,0,0,0,0,0,0,0
239,"Corporate Employees, Volunteer Group, School Children, Earthwatch, Landscape contractors",2022-04-06,22,B13 0QP,"52.422284,-1.881578",52.422284,-1.881578,127,/tiny-forest-sites/8-tiny-forest/239-red-rose,https://tinyforest.earthwatch.org.uk/tiny-forest-sites/8-tiny-forest/239-red-rose,239-red-rose,1,1,1,1,0,0,0,0,0,0,1,1,0,0,1,0,0,1,1,0,1,1,0,0,0,1,0,0,0,0,0,0,0,0,0,0,0,1,0,0,1,0,0,0,0,0,0,0,0,0
242,"Corporate Employees, Volunteer Group, School Children, Earthwatch, Landscape contractors",2022-03-30,214,WV14 0HU,"52.566945,-2.090502",52.566945,-2.090502,128,/tiny-forest-sites/8-tiny-forest/242-magpie-robin-bilston,https://tinyforest.earthwatch.org.uk/tiny-forest-sites/8-tiny-forest/242-magpie-robin-bilston,242-magpie-robin-bilston,0,1,1,1,1,1,0,0,0,0,1,0,0,0,0,0,0,1,0,0,1,1,0,0,0,1,0,0,0,0,0,0,0,0,0,0,1,1,1,0,1,1,0,0,0,0,0,0,0,0
242,"Corporate Employees, Volunteer Group, School Children, Earthwatch, Landscape contractors",2022-03-30,30,WV14 0HU,"52.566945,-2.090502",52.566945,-2.090502,128,/tiny-forest-sites/8-tiny-forest/242-magpie-robin-bilston,https://tinyforest.earthwatch.org.uk/tiny-forest-sites/8-tiny-forest/242-magpie-robin-bilston,242-magpie-robin-bilston,0,1,1,1,1,1,0,0,0,0,1,0,0,0,0,0,0,1,0,0,1,1,0,0,0,1,0,0,0,0,0,0,0,0,0,0,1,1,1,0,1,1,0,0,0,0,0,0,0,0
243,"Corporate Employees, Volunteer Group, Local Residents, Earthwatch, Landscape contractors",2022-03-19,209,WV6 7AQ,"52.591738,-2.264747",52.591738,-2.264747,129,/tiny-forest-sites/8-tiny-forest/243-daffodil-pattingham-parish-council,https://tinyforest.earthwatch.org.uk/tiny-forest-sites/8-tiny-forest/243-daffodil-pattingham-parish-council,243-daffodil-pattingham-parish-council,1,1,1,1,0,0,0,0,0,0,1,0,1,0,0,0,0,1,1,1,1,1,0,0,0,1,0,0,0,0,1,0,0,1,0,0,0,0,0,0,0,0,0,0,0,0,0,0,0,0
246,"Corporate Employees, Volunteer Group, School Children, Earthwatch, Landscape contractors",2022-03-14,210,B6 6DJ,"52.503316, -1.883135",52.503316,-1.883135,130,/tiny-forest-sites/8-tiny-forest/246-tawny-eagle,https://tinyforest.earthwatch.org.uk/tiny-forest-sites/8-tiny-forest/246-tawny-eagle,246-tawny-eagle,0,1,1,1,1,1,0,0,0,0,1,0,0,0,0,0,0,1,1,0,1,1,0,0,0,1,0,0,0,0,0,0,0,0,0,0,1,0,0,0,0,0,0,0,0,0,0,0,0,0
247,"Corporate Employees, Volunteer Group, School Children, Earthwatch, Landscape contractors",2022-03-16,203,CV12 9PF,"52.476982, -1.422557",52.476982,-1.422557,131,/tiny-forest-sites/8-tiny-forest/247-pale-maiden-st-james-church-of-england-academy,https://tinyforest.earthwatch.org.uk/tiny-forest-sites/8-tiny-forest/247-pale-maiden-st-james-church-of-england-academy,247-pale-maiden-st-james-church-of-england-academy,1,1,1,1,1,0,0,0,0,0,1,0,1,0,0,0,0,1,1,0,1,0,0,0,0,1,0,0,0,0,1,0,0,1,0,0,0,0,0,0,0,0,0,0,0,0,0,0,0,0
247,"Corporate Employees, Volunteer Group, School Children, Earthwatch, Landscape contractors",2022-03-16,19,CV12 9PF,"52.476982, -1.422557",52.476982,-1.422557,131,/tiny-forest-sites/8-tiny-forest/247-pale-maiden-st-james-church-of-england-academy,https://tinyforest.earthwatch.org.uk/tiny-forest-sites/8-tiny-forest/247-pale-maiden-st-james-church-of-england-academy,247-pale-maiden-st-james-church-of-england-academy,1,1,1,1,1,0,0,0,0,0,1,0,1,0,0,0,0,1,1,0,1,0,0,0,0,1,0,0,0,0,1,0,0,1,0,0,0,0,0,0,0,0,0,0,0,0,0,0,0,0
248,"Corporate Employees, Volunteer Group, School Children, Earthwatch, Landscape contractors",2022-03-18,201,CV31 3HB,"52.278016,-1.539299",52.278016,-1.539299,132,/tiny-forest-sites/8-tiny-forest/248-cotton-tree-kingsway-community-primary,https://tinyforest.earthwatch.org.uk/tiny-forest-sites/8-tiny-forest/248-cotton-tree-kingsway-community-primary,248-cotton-tree-kingsway-community-primary,1,1,1,1,1,0,0,0,0,0,1,0,1,0,0,0,0,1,1,0,1,1,0,0,0,1,0,0,0,0,1,0,0,1,0,0,0,0,0,0,0,0,0,0,0,0,0,0,0,0
248,"Corporate Employees, Volunteer Group, School Children, Earthwatch, Landscape contractors",2022-03-18,20,CV31 3HB,"52.278016,-1.539299",52.278016,-1.539299,132,/tiny-forest-sites/8-tiny-forest/248-cotton-tree-kingsway-community-primary,https://tinyforest.earthwatch.org.uk/tiny-forest-sites/8-tiny-forest/248-cotton-tree-kingsway-community-primary,248-cotton-tree-kingsway-community-primary,1,1,1,1,1,0,0,0,0,0,1,0,1,0,0,0,0,1,1,0,1,1,0,0,0,1,0,0,0,0,1,0,0,1,0,0,0,0,0,0,0,0,0,0,0,0,0,0,0,0
249,"Corporate Employees, Volunteer Group, School Children, Earthwatch, Landscape contractors",2022-03-15,207,B21 9AR,"52.503211,-1.921354",52.503211,-1.921354,133,/tiny-forest-sites/8-tiny-forest/249-kings-edward-vi-handsworth-girls-school,https://tinyforest.earthwatch.org.uk/tiny-forest-sites/8-tiny-forest/249-kings-edward-vi-handsworth-girls-school,249-kings-edward-vi-handsworth-girls-school,0,0,1,1,1,1,0,1,0,0,1,0,1,0,1,0,0,1,1,0,1,1,0,0,0,0,0,0,0,0,0,0,0,0,0,0,1,0,0,0,0,0,0,0,0,0,0,0,0,0
250,"Corporate Employees, Volunteer Group, School Children, Earthwatch, Landscape contractors",2022-03-31,210,CV8 2PE,"52.346297,-1.575018",52.346297,-1.575018,134,/tiny-forest-sites/8-tiny-forest/250-edelweiss-st-nicholas-c-of-e-community-primary,https://tinyforest.earthwatch.org.uk/tiny-forest-sites/8-tiny-forest/250-edelweiss-st-nicholas-c-of-e-community-primary,250-edelweiss-st-nicholas-c-of-e-community-primary,1,1,1,1,1,0,0,0,0,0,1,0,1,0,0,0,0,1,1,0,1,1,0,0,0,1,0,0,0,0,1,0,0,1,0,0,0,0,0,0,0,0,0,0,0,0,0,0,0,0
250,"Corporate Employees, Volunteer Group, School Children, Earthwatch, Landscape contractors",2022-03-31,17,CV8 2PE,"52.346297,-1.575018",52.346297,-1.575018,134,/tiny-forest-sites/8-tiny-forest/250-edelweiss-st-nicholas-c-of-e-community-primary,https://tinyforest.earthwatch.org.uk/tiny-forest-sites/8-tiny-forest/250-edelweiss-st-nicholas-c-of-e-community-primary,250-edelweiss-st-nicholas-c-of-e-community-primary,1,1,1,1,1,0,0,0,0,0,1,0,1,0,0,0,0,1,1,0,1,1,0,0,0,1,0,0,0,0,1,0,0,1,0,0,0,0,0,0,0,0,0,0,0,0,0,0,0,0
253,"Corporate Employees, Volunteer Group, School Children, Earthwatch, Landscape contractors",2022-03-25,208,LE4 0PT,"52.661626,-1.167585",52.661626,-1.167585,136,/tiny-forest-sites/8-tiny-forest/253-vincent-amazon-parrot,https://tinyforest.earthwatch.org.uk/tiny-forest-sites/8-tiny-forest/253-vincent-amazon-parrot,253-vincent-amazon-parrot,1,1,1,1,1,0,0,0,0,0,1,0,0,0,1,0,0,1,1,0,1,1,0,0,0,1,0,0,0,0,0,0,0,1,0,0,0,1,0,0,1,0,0,0,0,0,0,0,0,0
253,"Corporate Employees, Volunteer Group, School Children, Earthwatch, Landscape contractors",2022-03-25,24,LE4 0PT,"52.661626,-1.167585",52.661626,-1.167585,136,/tiny-forest-sites/8-tiny-forest/253-vincent-amazon-parrot,https://tinyforest.earthwatch.org.uk/tiny-forest-sites/8-tiny-forest/253-vincent-amazon-parrot,253-vincent-amazon-parrot,1,1,1,1,1,0,0,0,0,0,1,0,0,0,1,0,0,1,1,0,1,1,0,0,0,1,0,0,0,0,0,0,0,1,0,0,0,1,0,0,1,0,0,0,0,0,0,0,0,0
254,"Corporate Employees, Volunteer Group, School Children, Earthwatch, Landscape contractors",2022-03-31,200,LE5 1LU,"52.6610553628471,-1.0690354564073",52.6610553628471,-1.0690354564073,137,/tiny-forest-sites/8-tiny-forest/254-cyprus-warbler,https://tinyforest.earthwatch.org.uk/tiny-forest-sites/8-tiny-forest/254-cyprus-warbler,254-cyprus-warbler,1,1,1,1,1,1,0,0,0,0,0,1,0,0,1,0,0,1,1,0,1,1,0,0,0,1,0,0,0,0,0,0,0,0,0,0,0,0,0,0,1,0,0,0,0,0,0,0,0,0
254,"Corporate Employees, Volunteer Group, School Children, Earthwatch, Landscape contractors",2022-03-31,26,LE5 1LU,"52.6610553628471,-1.0690354564073",52.6610553628471,-1.0690354564073,137,/tiny-forest-sites/8-tiny-forest/254-cyprus-warbler,https://tinyforest.earthwatch.org.uk/tiny-forest-sites/8-tiny-forest/254-cyprus-warbler,254-cyprus-warbler,1,1,1,1,1,1,0,0,0,0,0,1,0,0,1,0,0,1,1,0,1,1,0,0,0,1,0,0,0,0,0,0,0,0,0,0,0,0,0,0,1,0,0,0,0,0,0,0,0,0
255,"Corporate Employees, Volunteer Group, School Children, Earthwatch, Landscape contractors",2022-03-23,213,LE5 1NH,"52.647034,-1.053824",52.647034,-1.053824,138,/tiny-forest-sites/8-tiny-forest/255-blue-rock-thrush,https://tinyforest.earthwatch.org.uk/tiny-forest-sites/8-tiny-forest/255-blue-rock-thrush,255-blue-rock-thrush,1,1,1,1,1,0,0,0,0,0,1,1,0,0,1,0,0,1,1,0,1,1,0,0,0,1,0,0,0,0,0,0,0,0,0,0,0,1,0,0,1,0,0,0,0,0,0,0,0,0
255,"Corporate Employees, Volunteer Group, School Children, Earthwatch, Landscape contractors",2022-03-23,44,LE5 1NH,"52.647034,-1.053824",52.647034,-1.053824,138,/tiny-forest-sites/8-tiny-forest/255-blue-rock-thrush,https://tinyforest.earthwatch.org.uk/tiny-forest-sites/8-tiny-forest/255-blue-rock-thrush,255-blue-rock-thrush,1,1,1,1,1,0,0,0,0,0,1,1,0,0,1,0,0,1,1,0,1,1,0,0,0,1,0,0,0,0,0,0,0,0,0,0,0,1,0,0,1,0,0,0,0,0,0,0,0,0
256,"Corporate Employees, Volunteer Group, School Children, Earthwatch, Landscape contractors",2022-03-24,206,LE5 6GJ,"52.628473,-1.073571",52.628473,-1.073571,139,/tiny-forest-sites/8-tiny-forest/256-zenaida-dove,https://tinyforest.earthwatch.org.uk/tiny-forest-sites/8-tiny-forest/256-zenaida-dove,256-zenaida-dove,1,1,1,1,0,0,0,0,0,0,1,1,0,0,1,0,0,1,1,0,1,1,0,0,0,1,0,0,0,0,0,0,0,0,0,0,0,1,1,0,1,0,0,0,0,0,0,0,0,0
256,"Corporate Employees, Volunteer Group, School Children, Earthwatch, Landscape contractors",2022-03-24,27,LE5 6GJ,"52.628473,-1.073571",52.628473,-1.073571,139,/tiny-forest-sites/8-tiny-forest/256-zenaida-dove,https://tinyforest.earthwatch.org.uk/tiny-forest-sites/8-tiny-forest/256-zenaida-dove,256-zenaida-dove,1,1,1,1,0,0,0,0,0,0,1,1,0,0,1,0,0,1,1,0,1,1,0,0,0,1,0,0,0,0,0,0,0,0,0,0,0,1,1,0,1,0,0,0,0,0,0,0,0,0
257,"Corporate Employees, Volunteer Group, School Children, Earthwatch, Landscape contractors",2022-03-24,206,LE3 6DN,"52.642539,-1.173677",52.642539,-1.173677,140,/tiny-forest-sites/8-tiny-forest/257-st-lucian-parrot,https://tinyforest.earthwatch.org.uk/tiny-forest-sites/8-tiny-forest/257-st-lucian-parrot,257-st-lucian-parrot,0,1,1,1,1,0,0,0,0,0,1,0,0,0,1,0,0,1,1,0,1,1,0,0,0,1,0,0,0,0,0,0,0,0,0,0,1,0,0,0,1,0,0,0,0,0,0,0,0,0
257,"Corporate Employees, Volunteer Group, School Children, Earthwatch, Landscape contractors",2022-03-24,24,LE3 6DN,"52.642539,-1.173677",52.642539,-1.173677,140,/tiny-forest-sites/8-tiny-forest/257-st-lucian-parrot,https://tinyforest.earthwatch.org.uk/tiny-forest-sites/8-tiny-forest/257-st-lucian-parrot,257-st-lucian-parrot,0,1,1,1,1,0,0,0,0,0,1,0,0,0,1,0,0,1,1,0,1,1,0,0,0,1,0,0,0,0,0,0,0,0,0,0,1,0,0,0,1,0,0,0,0,0,0,0,0,0
258,"Corporate Employees, Volunteer Group, School Children, Earthwatch",2022-04-08,206,LE3 2FD,"52.6111,-1.16135",52.6111,-1.16135,141,/tiny-forest-sites/8-tiny-forest/258-tongan-megapode,https://tinyforest.earthwatch.org.uk/tiny-forest-sites/8-tiny-forest/258-tongan-megapode,258-tongan-megapode,0,1,1,1,1,0,0,0,0,0,1,1,0,0,1,0,0,1,1,0,1,1,0,0,0,1,0,0,0,0,0,0,0,0,0,0,0,0,1,0,1,0,0,0,0,0,0,0,0,0
258,"Corporate Employees, Volunteer Group, School Children, Earthwatch",2022-04-08,24,LE3 2FD,"52.6111,-1.16135",52.6111,-1.16135,141,/tiny-forest-sites/8-tiny-forest/258-tongan-megapode,https://tinyforest.earthwatch.org.uk/tiny-forest-sites/8-tiny-forest/258-tongan-megapode,258-tongan-megapode,0,1,1,1,1,0,0,0,0,0,1,1,0,0,1,0,0,1,1,0,1,1,0,0,0,1,0,0,0,0,0,0,0,0,0,0,0,0,1,0,1,0,0,0,0,0,0,0,0,0
259,"Corporate Employees, Volunteer Group, Earthwatch, Landscape contractors",2022-04-09,214,DE24 1AP,"52.9084697960256, -1.44929677652072",52.9084697960256,-1.44929677652072,142,/tiny-forest-sites/8-tiny-forest/259-keel-billed-toucan,https://tinyforest.earthwatch.org.uk/tiny-forest-sites/8-tiny-forest/259-keel-billed-toucan,259-keel-billed-toucan,0,1,1,1,1,1,0,0,0,0,1,0,0,0,0,0,0,1,0,0,1,1,0,0,0,1,0,0,0,0,0,0,0,0,0,0,0,1,1,0,0,0,0,0,0,0,0,0,0,0
260,"Corporate Employees, Volunteer Group, Local Residents, Earthwatch, Landscape contractors",2022-04-09,205,DE24 9EZ,"52.8815392834617,-1.45708103453227",52.8815392834617,-1.45708103453227,143,/tiny-forest-sites/8-tiny-forest/260-white-breasted-waterhen,https://tinyforest.earthwatch.org.uk/tiny-forest-sites/8-tiny-forest/260-white-breasted-waterhen,260-white-breasted-waterhen,1,1,0,1,0,0,0,0,0,0,1,0,0,0,0,0,0,1,0,0,1,1,0,0,0,1,0,0,0,0,0,0,0,1,0,0,0,1,1,0,0,0,0,1,0,0,0,0,0,0
261,"Corporate Employees, Volunteer Group, School Children, Earthwatch, Landscape contractors",2022-04-05,206,LE3 2DH,"52.618517,-1.155923",52.618517,-1.155923,144,/tiny-forest-sites/8-tiny-forest/261-green-parrot,https://tinyforest.earthwatch.org.uk/tiny-forest-sites/8-tiny-forest/261-green-parrot,261-green-parrot,0,1,1,1,1,0,0,0,0,0,1,1,0,0,1,0,0,1,1,0,1,1,0,0,0,1,0,0,0,0,0,0,0,0,0,0,0,0,1,0,1,0,0,0,0,0,0,0,0,0
261,"Corporate Employees, Volunteer Group, School Children, Earthwatch, Landscape contractors",2022-04-05,24,LE3 2DH,"52.618517,-1.155923",52.618517,-1.155923,144,/tiny-forest-sites/8-tiny-forest/261-green-parrot,https://tinyforest.earthwatch.org.uk/tiny-forest-sites/8-tiny-forest/261-green-parrot,261-green-parrot,0,1,1,1,1,0,0,0,0,0,1,1,0,0,1,0,0,1,1,0,1,1,0,0,0,1,0,0,0,0,0,0,0,0,0,0,0,0,1,0,1,0,0,0,0,0,0,0,0,0
262,"Corporate Employees, Volunteer Group, Local Residents, Earthwatch",2022-03-26,202,B36 9DY,"52.508371,-1.786269",52.508371,-1.786269,145,/tiny-forest-sites/8-tiny-forest/262-masai-mara-umbrella-tree,https://tinyforest.earthwatch.org.uk/tiny-forest-sites/8-tiny-forest/262-masai-mara-umbrella-tree,262-masai-mara-umbrella-tree,0,1,1,1,1,0,0,0,0,0,1,1,1,0,1,0,0,1,1,0,1,0,0,0,0,1,0,0,0,0,0,0,0,0,0,0,1,0,1,0,0,0,0,0,0,0,0,0,0,0
262,"Corporate Employees, Volunteer Group, Local Residents, Earthwatch",2022-03-26,20,B36 9DY,"52.508371,-1.786269",52.508371,-1.786269,145,/tiny-forest-sites/8-tiny-forest/262-masai-mara-umbrella-tree,https://tinyforest.earthwatch.org.uk/tiny-forest-sites/8-tiny-forest/262-masai-mara-umbrella-tree,262-masai-mara-umbrella-tree,0,1,1,1,1,0,0,0,0,0,1,1,1,0,1,0,0,1,1,0,1,0,0,0,0,1,0,0,0,0,0,0,0,0,0,0,1,0,1,0,0,0,0,0,0,0,0,0,0,0
263,"Corporate Employees, Volunteer Group, Local Residents, Earthwatch, Landscape contractors",2022-04-01,197,B29 4BG,"52.432099,-1.952364",52.432099,-1.952364,146,/tiny-forest-sites/8-tiny-forest/263-the-quiver-tree-bournville-village-trust,https://tinyforest.earthwatch.org.uk/tiny-forest-sites/8-tiny-forest/263-the-quiver-tree-bournville-village-trust,263-the-quiver-tree-bournville-village-trust,1,1,1,1,1,0,0,0,0,0,1,0,0,0,0,0,0,0,0,0,1,1,0,0,0,1,0,0,0,0,0,0,0,0,0,0,0,1,1,0,0,0,0,0,1,0,0,0,0,0
264,"Corporate Employees, Volunteer Group, School Children, Earthwatch, Landscape contractors",2022-04-19,208,LE5 1RT,"52.653263,-1.053784",52.653263,-1.053784,147,/tiny-forest-sites/8-tiny-forest/264-nether-hall-school,https://tinyforest.earthwatch.org.uk/tiny-forest-sites/8-tiny-forest/264-nether-hall-school,264-nether-hall-school,0,1,1,1,1,1,0,0,0,1,1,0,0,0,0,0,0,1,0,0,1,1,0,0,0,1,0,0,0,0,0,0,0,0,0,0,0,1,1,0,0,1,0,0,0,0,0,0,0,0
264,"Corporate Employees, Volunteer Group, School Children, Earthwatch, Landscape contractors",2022-04-19,24,LE5 1RT,"52.653263,-1.053784",52.653263,-1.053784,147,/tiny-forest-sites/8-tiny-forest/264-nether-hall-school,https://tinyforest.earthwatch.org.uk/tiny-forest-sites/8-tiny-forest/264-nether-hall-school,264-nether-hall-school,0,1,1,1,1,1,0,0,0,1,1,0,0,0,0,0,0,1,0,0,1,1,0,0,0,1,0,0,0,0,0,0,0,0,0,0,0,1,1,0,0,1,0,0,0,0,0,0,0,0
265,"Corporate Employees, Volunteer Group, Local Residents, Earthwatch, Landscape contractors",2022-04-11,206,WS13 8AY,"52.682113,-1.841198",52.682113,-1.841198,148,/tiny-forest-sites/8-tiny-forest/265-blue-water-lily-christ-church-open-space,https://tinyforest.earthwatch.org.uk/tiny-forest-sites/8-tiny-forest/265-blue-water-lily-christ-church-open-space,265-blue-water-lily-christ-church-open-space,1,1,1,1,1,1,0,0,0,0,1,0,0,0,0,0,0,1,0,0,1,1,0,0,0,1,0,0,0,0,0,0,0,0,0,0,1,0,0,0,0,0,0,1,0,0,0,0,0,0
265,"Corporate Employees, Volunteer Group, Local Residents, Earthwatch, Landscape contractors",2022-04-11,24,WS13 8AY,"52.682113,-1.841198",52.682113,-1.841198,148,/tiny-forest-sites/8-tiny-forest/265-blue-water-lily-christ-church-open-space,https://tinyforest.earthwatch.org.uk/tiny-forest-sites/8-tiny-forest/265-blue-water-lily-christ-church-open-space,265-blue-water-lily-christ-church-open-space,1,1,1,1,1,1,0,0,0,0,1,0,0,0,0,0,0,1,0,0,1,1,0,0,0,1,0,0,0,0,0,0,0,0,0,0,1,0,0,0,0,0,0,1,0,0,0,0,0,0
268,"Volunteer Group, Local Residents, School Children",2022-03-21,200,G43 1SH,"55.827102,-4.2936087",55.827101999999996,-4.2936087,41,/tiny-forest-sites/8-tiny-forest/268-shawhill-park-pollokshields,https://tinyforest.earthwatch.org.uk/tiny-forest-sites/8-tiny-forest/268-shawhill-park-pollokshields,268-shawhill-park-pollokshields,1,1,1,0,0,1,1,1,0,1,0,0,0,0,1,0,0,0,0,0,0,1,0,0,0,1,0,0,1,1,0,1,1,0,0,0,0,0,0,0,0,0,0,0,0,0,0,0,0,0
269,"Volunteer Group, Local Residents, School Children",2022-03-26,200,DD4 6EL,"56.467864,-2.9566140",56.467864,-2.956614,42,/tiny-forest-sites/8-tiny-forest/269-robertson-street-dundee,https://tinyforest.earthwatch.org.uk/tiny-forest-sites/8-tiny-forest/269-robertson-street-dundee,269-robertson-street-dundee,0,1,1,1,0,1,1,0,1,1,0,1,1,1,1,0,1,1,0,0,0,1,1,0,0,0,0,0,0,0,0,0,0,0,0,0,1,0,1,0,0,0,0,0,0,1,0,0,0,0
270,"Volunteer Group, School Children",2022-03-23,200,G22 7LN,"55.902907752644374,-4.251175737308021",55.90290775264437,-4.251175737308021,43,/tiny-forest-sites/8-tiny-forest/270-castlebay-drive-glasgow,https://tinyforest.earthwatch.org.uk/tiny-forest-sites/8-tiny-forest/270-castlebay-drive-glasgow,270-castlebay-drive-glasgow,0,0,0,0,0,0,0,0,0,0,0,0,0,0,0,0,0,0,0,0,0,0,0,0,0,0,0,0,0,0,0,0,0,0,0,0,0,0,0,0,0,0,0,0,0,0,0,0,0,0
272,"Volunteer Group, Local Residents, School Children, Earthwatch",2022-03-24,200,KA18 1RS,"55.454743,-4.2808133",55.454743,-4.2808133,44,/tiny-forest-sites/8-tiny-forest/272-barony-campus-wee-forest,https://tinyforest.earthwatch.org.uk/tiny-forest-sites/8-tiny-forest/272-barony-campus-wee-forest,272-barony-campus-wee-forest,1,1,1,1,0,1,1,1,1,1,1,1,1,1,1,0,1,1,0,0,1,1,0,0,0,0,0,0,1,0,1,0,1,0,0,0,0,0,1,0,0,0,0,0,0,0,1,0,0,0
274,"Volunteer Group, School Children",2022-03-30,200,KY8 1EA,"56.18074975212664, -3.03906745548079",56.18074975212664,-3.03906745548079,45,/tiny-forest-sites/8-tiny-forest/274-muiredge-park-fife,https://tinyforest.earthwatch.org.uk/tiny-forest-sites/8-tiny-forest/274-muiredge-park-fife,274-muiredge-park-fife,0,0,0,0,0,0,0,0,0,0,0,0,0,0,0,0,0,0,0,0,0,0,0,0,0,0,0,0,0,0,0,0,0,0,0,0,0,0,0,0,0,0,0,0,0,0,0,0,0,0
276,"Volunteer Group, Local Residents, School Children",2022-03-16,200,EH55 8PF,"55.844884, -3.615064",55.844884,-3.615064,46,/tiny-forest-sites/8-tiny-forest/276-addiewell-west-lothian,https://tinyforest.earthwatch.org.uk/tiny-forest-sites/8-tiny-forest/276-addiewell-west-lothian,276-addiewell-west-lothian,0,0,0,0,0,0,0,0,0,0,0,0,0,0,0,0,0,0,0,0,0,0,0,0,0,0,0,0,0,0,0,0,0,0,0,0,0,0,0,0,0,0,0,0,0,0,0,0,0,0
278,"Volunteer Group, Local Residents, School Children",2022-03-15,200,EH47 0BX,"55.861022153603095,-3.6940404420645097",55.861022153603095,-3.6940404420645097,48,/tiny-forest-sites/8-tiny-forest/278-whitburn,https://tinyforest.earthwatch.org.uk/tiny-forest-sites/8-tiny-forest/278-whitburn,278-whitburn,0,0,0,0,0,0,0,0,0,0,0,0,0,0,0,0,0,0,0,0,0,0,0,0,0,0,0,0,0,0,0,0,0,0,0,0,0,0,0,0,0,0,0,0,0,0,0,0,0,0
279,"Volunteer Group, Local Residents, School Children",2022-03-22,200,EH14 2QR,"55.920206,-3.2696146",55.920206,-3.2696146,49,/tiny-forest-sites/8-tiny-forest/279-hailes-quarry-park-edinburgh,https://tinyforest.earthwatch.org.uk/tiny-forest-sites/8-tiny-forest/279-hailes-quarry-park-edinburgh,279-hailes-quarry-park-edinburgh,0,0,0,0,0,0,0,0,0,0,0,0,0,0,0,0,0,0,0,0,0,0,0,0,0,0,0,0,0,0,0,0,0,0,0,0,0,0,0,0,0,0,0,0,0,0,0,0,0,0
279,"Volunteer Group, Local Residents, School Children",2022-03-22,80,EH14 2QR,"55.920206,-3.2696146",55.920206,-3.2696146,49,/tiny-forest-sites/8-tiny-forest/279-hailes-quarry-park-edinburgh,https://tinyforest.earthwatch.org.uk/tiny-forest-sites/8-tiny-forest/279-hailes-quarry-park-edinburgh,279-hailes-quarry-park-edinburgh,0,0,0,0,0,0,0,0,0,0,0,0,0,0,0,0,0,0,0,0,0,0,0,0,0,0,0,0,0,0,0,0,0,0,0,0,0,0,0,0,0,0,0,0,0,0,0,0,0,0
280,"Volunteer Group, Local Residents, School Children",2022-03-23,200,EH13 9ED,"55.910308,-3.2288665",55.910308,-3.2288665,50,/tiny-forest-sites/8-tiny-forest/280-colinton-mains-park-edinburgh,https://tinyforest.earthwatch.org.uk/tiny-forest-sites/8-tiny-forest/280-colinton-mains-park-edinburgh,280-colinton-mains-park-edinburgh,1,1,1,1,0,1,0,1,0,1,1,1,0,1,1,0,0,1,0,0,0,1,0,0,0,1,0,0,0,0,0,0,1,0,1,1,0,0,0,0,0,0,0,0,0,0,0,0,0,0
280,"Volunteer Group, Local Residents, School Children",2022-03-23,20,EH13 9ED,"55.910308,-3.2288665",55.910308,-3.2288665,50,/tiny-forest-sites/8-tiny-forest/280-colinton-mains-park-edinburgh,https://tinyforest.earthwatch.org.uk/tiny-forest-sites/8-tiny-forest/280-colinton-mains-park-edinburgh,280-colinton-mains-park-edinburgh,1,1,1,1,0,1,0,1,0,1,1,1,0,1,1,0,0,1,0,0,0,1,0,0,0,1,0,0,0,0,0,0,1,0,1,1,0,0,0,0,0,0,0,0,0,0,0,0,0,0
281,"Volunteer Group, Local Residents",2022-03-20,200,KA14 3BE,"55.744693, -4.669491",55.744693,-4.669491,51,/tiny-forest-sites/8-tiny-forest/281-lochshore-garnock,https://tinyforest.earthwatch.org.uk/tiny-forest-sites/8-tiny-forest/281-lochshore-garnock,281-lochshore-garnock,1,1,1,1,0,1,1,1,1,1,1,1,1,1,1,0,1,1,0,0,1,1,0,0,0,0,0,0,1,0,1,0,1,0,0,0,0,0,1,0,0,0,0,0,0,0,1,0,0,0
282,"Volunteer Group, Local Residents, School Children",2022-03-27,200,DD4 8QZ,"56.479028, -2.905574",56.479028,-2.905574,52,/tiny-forest-sites/8-tiny-forest/282-douglas-wee-forest,https://tinyforest.earthwatch.org.uk/tiny-forest-sites/8-tiny-forest/282-douglas-wee-forest,282-douglas-wee-forest,0,1,1,1,0,1,0,0,1,1,0,1,0,1,1,0,1,1,1,0,0,1,1,0,0,0,0,0,0,0,0,0,0,0,0,0,0,0,1,0,0,0,0,0,0,0,0,0,0,0
282,"Volunteer Group, Local Residents, School Children",2022-03-27,10,DD4 8QZ,"56.479028, -2.905574",56.479028,-2.905574,52,/tiny-forest-sites/8-tiny-forest/282-douglas-wee-forest,https://tinyforest.earthwatch.org.uk/tiny-forest-sites/8-tiny-forest/282-douglas-wee-forest,282-douglas-wee-forest,0,1,1,1,0,1,0,0,1,1,0,1,0,1,1,0,1,1,1,0,0,1,1,0,0,0,0,0,0,0,0,0,0,0,0,0,0,0,1,0,0,0,0,0,0,0,0,0,0,0
287,"Corporate Employees, Volunteer Group, School Children, Earthwatch, Landscape contractors",2022-04-08,206,LE4 0FL,"52.654316, -1.161236",52.654316,-1.161236,149,/tiny-forest-sites/8-tiny-forest/287-beaumont-leys-school,https://tinyforest.earthwatch.org.uk/tiny-forest-sites/8-tiny-forest/287-beaumont-leys-school,287-beaumont-leys-school,0,1,1,1,1,1,0,0,0,1,1,0,0,0,0,0,0,1,0,0,1,1,0,0,0,1,0,0,0,0,0,0,0,0,0,0,1,0,1,0,0,0,0,0,0,0,0,0,0,0
287,"Corporate Employees, Volunteer Group, School Children, Earthwatch, Landscape contractors",2022-04-08,24,LE4 0FL,"52.654316, -1.161236",52.654316,-1.161236,149,/tiny-forest-sites/8-tiny-forest/287-beaumont-leys-school,https://tinyforest.earthwatch.org.uk/tiny-forest-sites/8-tiny-forest/287-beaumont-leys-school,287-beaumont-leys-school,0,1,1,1,1,1,0,0,0,1,1,0,0,0,0,0,0,1,0,0,1,1,0,0,0,1,0,0,0,0,0,0,0,0,0,0,1,0,1,0,0,0,0,0,0,0,0,0,0,0
288,"Corporate Employees, Volunteer Group, Local Residents, Earthwatch, Landscape contractors",2022-04-14,201,LE17 6DP,"52.416847,-1.12487",52.416847,-1.12487,150,/tiny-forest-sites/8-tiny-forest/288-stanford-reservoir,https://tinyforest.earthwatch.org.uk/tiny-forest-sites/8-tiny-forest/288-stanford-reservoir,288-stanford-reservoir,0,1,1,1,1,1,0,0,0,1,1,0,0,0,0,0,0,1,0,0,1,1,0,0,0,1,0,0,0,0,0,0,0,0,0,0,0,1,1,0,0,1,0,0,0,0,0,0,0,0
289,"Corporate Employees, Volunteer Group, Local Residents, Earthwatch, Landscape contractors",2022-04-12,200,B46 2BE,"52.516688,-1.663106",52.516688,-1.663106,151,/tiny-forest-sites/8-tiny-forest/289-shustoke-reservoir,https://tinyforest.earthwatch.org.uk/tiny-forest-sites/8-tiny-forest/289-shustoke-reservoir,289-shustoke-reservoir,0,1,1,1,1,0,0,0,0,1,0,1,0,0,0,0,0,1,0,0,1,1,0,0,0,1,0,0,0,0,0,0,0,0,0,0,0,0,0,0,0,1,0,0,0,0,0,0,0,0
292,"Volunteer Group, Local Residents",2022-03-08,200,WF8 2AG,"53.686272, -1.302669",53.686272,-1.302669,18,/tiny-forest-sites/8-tiny-forest/292-pease-park-pontefract,https://tinyforest.earthwatch.org.uk/tiny-forest-sites/8-tiny-forest/292-pease-park-pontefract,292-pease-park-pontefract,1,1,1,1,0,0,0,1,0,1,1,1,0,0,0,0,1,1,0,0,1,0,0,0,1,1,1,0,0,0,0,0,0,0,0,0,0,0,0,0,0,0,0,0,0,0,0,0,0,0
292,"Volunteer Group, Local Residents",2022-03-08,3,WF8 2AG,"53.686272, -1.302669",53.686272,-1.302669,18,/tiny-forest-sites/8-tiny-forest/292-pease-park-pontefract,https://tinyforest.earthwatch.org.uk/tiny-forest-sites/8-tiny-forest/292-pease-park-pontefract,292-pease-park-pontefract,1,1,1,1,0,0,0,1,0,1,1,1,0,0,0,0,1,1,0,0,1,0,0,0,1,1,1,0,0,0,0,0,0,0,0,0,0,0,0,0,0,0,0,0,0,0,0,0,0,0
301,"Volunteer Group, Local Residents, School Children",2021-02-15,100,CF32 7NA,"51.619003, -3.536827",51.619003,-3.536827,154,/tiny-forest-sites/8-tiny-forest/301-nant-y-moel-bridgend,https://tinyforest.earthwatch.org.uk/tiny-forest-sites/8-tiny-forest/301-nant-y-moel-bridgend,301-nant-y-moel-bridgend,1,1,1,1,1,1,1,1,1,1,1,0,1,1,1,0,0,1,1,0,0,1,1,0,0,1,0,0,0,0,1,0,0,1,0,0,0,0,1,0,0,0,0,0,0,0,0,1,1,1
303,"Volunteer Group, Local Residents",2021-03-09,100,LL18 5HA,"53.302289, -3.517093",53.302289,-3.517093,155,/tiny-forest-sites/8-tiny-forest/303-kinmel-bay,https://tinyforest.earthwatch.org.uk/tiny-forest-sites/8-tiny-forest/303-kinmel-bay,303-kinmel-bay,1,1,1,1,1,1,1,1,1,1,1,0,1,1,1,0,0,1,1,0,0,1,1,0,0,1,0,0,0,0,1,0,0,1,0,0,0,0,1,0,0,0,0,0,0,0,0,1,1,1
304,"Volunteer Group, Local Residents",2022-02-08,100,LL65 1PH,"53.312500, -4.642500",53.3125,-4.6425,156,/tiny-forest-sites/8-tiny-forest/304-holyhead-town-park,https://tinyforest.earthwatch.org.uk/tiny-forest-sites/8-tiny-forest/304-holyhead-town-park,304-holyhead-town-park,1,1,1,1,1,1,1,1,1,1,1,0,1,1,1,0,0,1,1,0,0,1,1,0,0,1,0,0,0,0,1,0,0,1,0,0,0,0,1,0,0,0,0,0,0,0,0,1,1,1
305,"Volunteer Group, Local Residents, School Children, Earthwatch",2022-02-28,100,LL55 1DU,"53.150000, -4.259167",53.15,-4.259167,157,/tiny-forest-sites/8-tiny-forest/305-ysgol-pendalar,https://tinyforest.earthwatch.org.uk/tiny-forest-sites/8-tiny-forest/305-ysgol-pendalar,305-ysgol-pendalar,1,1,1,1,1,1,1,1,1,1,1,0,1,1,1,0,0,1,1,0,0,1,1,0,0,1,0,0,0,0,1,0,0,1,0,0,0,0,1,0,0,0,0,0,0,0,0,1,1,1
313,"Corporate Employees, Volunteer Group, Local Residents, Earthwatch, Landscape contractors",2022-10-27,200,N22 5SJ,"51.603463, -0.104395",51.603463,-0.104395,93,/tiny-forest-sites/8-tiny-forest/313-white-hart-lane,https://tinyforest.earthwatch.org.uk/tiny-forest-sites/8-tiny-forest/313-white-hart-lane,313-white-hart-lane,0,1,1,1,0,0,1,1,0,1,1,0,0,0,0,0,0,1,1,1,1,1,0,1,0,1,0,1,0,0,1,0,0,1,0,0,0,0,0,0,0,0,0,0,0,0,0,0,0,0
313,"Corporate Employees, Volunteer Group, Local Residents, Earthwatch, Landscape contractors",2022-10-27,20,N22 5SJ,"51.603463, -0.104395",51.603463,-0.104395,93,/tiny-forest-sites/8-tiny-forest/313-white-hart-lane,https://tinyforest.earthwatch.org.uk/tiny-forest-sites/8-tiny-forest/313-white-hart-lane,313-white-hart-lane,0,1,1,1,0,0,1,1,0,1,1,0,0,0,0,0,0,1,1,1,1,1,0,1,0,1,0,1,0,0,1,0,0,1,0,0,0,0,0,0,0,0,0,0,0,0,0,0,0,0
316,"Volunteer Group, Local Residents",2022-11-22,205,SE13 7XE,"51.77729326108944, -1.2643641825438499",51.77729326108944,-1.26436418254385,158,/tiny-forest-sites/8-tiny-forest/316-ladywell-fields-lewisham,https://tinyforest.earthwatch.org.uk/tiny-forest-sites/8-tiny-forest/316-ladywell-fields-lewisham,316-ladywell-fields-lewisham,0,1,1,1,0,1,1,1,1,1,1,1,1,0,0,0,1,1,1,0,0,1,0,1,1,1,0,0,0,0,1,0,0,0,1,0,0,0,0,0,0,0,0,0,0,0,0,0,0,0
316,"Volunteer Group, Local Residents",2022-11-22,74,SE13 7XE,"51.77729326108944, -1.2643641825438499",51.77729326108944,-1.26436418254385,158,/tiny-forest-sites/8-tiny-forest/316-ladywell-fields-lewisham,https://tinyforest.earthwatch.org.uk/tiny-forest-sites/8-tiny-forest/316-ladywell-fields-lewisham,316-ladywell-fields-lewisham,0,1,1,1,0,1,1,1,1,1,1,1,1,0,0,0,1,1,1,0,0,1,0,1,1,1,0,0,0,0,1,0,0,0,1,0,0,0,0,0,0,0,0,0,0,0,0,0,0,0
